delta,ratio
36.338531389115175,0.003144828863878468
57.395557795937805,0.0005974711685424483
