delta,ratio
-16.92539003362618,0.003856895863811677
59.61914580243133,0.0032214685759040062
