delta,ratio
-23.81195161324137,0.002096480010063104
16.42870954378342,0.0025367408121763557
-23.336046101430348,0.005325059225560284
23.748685836957833,0.010524329650516782
-17.111342194958823,0.0075682928363278055
-24.71232198361174,0.0022641984108681523
11.719000146862932,0.016080001677184007
-22.876042522332277,0.0018449024088555315
