delta,ratio
-24.17612414687451,0.007165989113208847
-23.367658187546482,0.005328556007257861
-21.20516338073302,0.003812673694848297
-23.41884958622916,0.0020441443303704726
-22.671179913230723,0.005121844782838374
-0.5933545820202539,0.0070511495440869106
6.488188207437844,0.025264705206826065
-23.62484209559246,0.0031006683662922895
