delta,ratio
-5.093854587529396,0.024423543689320388
