delta,ratio
-20.129245955217844,0.004649332999535067
-7.405264054765354,0.0036479381996352062
-16.8385824202795,0.00468509709953149
-20.120677308674516,0.014126819498587318
-18.22334425596698,0.015056686098494332
-18.284465735437625,0.0040055791995994424
