delta,ratio
2.363533524130581,0.004595791474179302
-30.40319201591949,0.001201240684408374
