delta,ratio
-28.158192475463466,0.003816793893129771
-22.423404115675105,0.0018402399127589967
-24.685713483866827,0.0028966739367502726
-16.189785882056874,0.003101145038167939
-19.75721844948944,0.0026240458015267176
-26.788175864167783,0.002930752453653217
-26.976166714339342,0.010393947655398037
-19.84668453895553,0.004293893129770993
