delta,ratio
-13.934427622045671,0.018607904861839802
-23.77305196067001,0.005666316894018888
-12.421200108818159,0.003777544596012592
-21.22582653455185,0.020216859041622945
-20.28070091397114,0.006435816719132564
-20.388061707258704,0.015949632738719834
