delta,ratio
-17.241935569017194,0.009446518097487266
50.73844325719075,0.001340925238414506
-25.955423652800782,0.002291581191021805
4.496469079001933,0.008155627382894198
