delta,ratio
-30.537928659437206,0.0046300193618991495
-29.056015780649325,0.0017958862979487612
-34.92147844298699,0.002160675702219603
-35.55995378877941,0.0034514689788702753
62.417877852891046,0.004517776468277352
-32.24709258787824,0.0023290400426522998
-30.080193412228272,0.002665768723517692
