delta,ratio
-15.481229681666022,0.0014981799454568863
-8.15256507956392,0.0012992029214508936
