delta,ratio
-20.00610031378633,0.004783319705641865
-7.298556649720929,0.002820932134096484
-19.769068918339094,0.004129190515126738
-19.0278891665611,0.002902698282910875
-11.510085716648138,0.0036385936222403923
-17.758237065923083,0.004783319705641865
-15.608228344485791,0.0020032706459525754
-19.74289130057732,0.005396565821749796
-17.307508056370544,0.002780049059689289
-17.056527664213682,0.004905968928863451
-10.756527664213682,0.003066230580539657
