delta,ratio
19.82308338913947,0.0026134366692200242
49.77295152866279,0.0005161332606923559
