delta,ratio
69.18644624829294,0.004221388367729831
