delta,ratio
61.40256277667894,0.0035053729077617543
