delta,ratio
6.359051334766917,0.0014032884366469737
