delta,ratio
-23.2013588894015,0.0024325797928113073
-14.815644603687215,0.0029358721637377846
-23.69574091187341,0.0037327517510380407
-19.45264094068355,0.008178501027555258
-16.523939534562793,0.0052006878329069325
-20.956075870533574,0.0022228746382586084
-20.021146875267227,0.011869311747682758
-23.158986008045567,0.0049490416474436945
