delta,ratio
6.651718757943971,0.09165014320334876
-6.408377395902182,0.015862524785194978
19.862455937431154,0.031725049570389956
-2.788696544838352,0.0103547036792245
-2.0444885070132948,0.01982815598149372
