delta,ratio
-31.36993632228448,0.0014110017434011927
