delta,ratio
-19.766043296777333,0.001251882530120482
-13.135667356927712,0.0004706325301204819
-36.47745597481389,0.0011577560240963855
9.035614694354344,0.0009177334337349398
-40.79049253175288,0.0006730045180722891
-8.481646738371005,0.0009130271084337349
12.68717817152757,0.002315512048192771
-2.5788252516645542,0.0008942018072289156
-34.70905257093549,0.0012095256024096386
-38.23635701210012,0.0005459337349397591
