delta,ratio
-0.6680961440837478,0.02761476924737275
26.045120648231517,0.0026845818662565597
-31.39829643719562,0.0010117770852725728
77.63363338736578,0.004613703508842932
-8.557407548306735,0.015176656279088591
-27.499055930866504,0.0021314770596408865
-29.252053050952235,0.0025496782548868834
5.744682286208636,0.0050723757874998315
