delta,ratio
-21.08371381549769,0.005967089006887125
