delta,ratio
-27.013651205566564,0.0017466813055195128
-27.236632572026192,0.0028695478590677714
-27.70823995015531,0.0032937418904082244
-26.738463235641753,0.004740992114981535
-23.52793691985228,0.001497155404731011
-27.477366577646954,0.006562531190737598
