delta,ratio
-25.794615696668593,0.011657440573103224
-32.42197158100772,0.00592640833604689
