delta,ratio
-12.767692280417162,0.011707370197936235
80.50525472044848,0.06509842358898962
3.4766660313830116,0.0073511394266111245
-19.780636554221463,0.002886002886002886
-13.171145416428438,0.006289308176100629
-16.728950960015972,0.0057447793296849905
-15.444538689821712,0.004955212502382313
