delta,ratio
-23.831669497216765,0.00232620410349098
-23.720544111810806,0.0009371757539244235
-21.750019154840064,0.0020835425243498342
-22.287629053895746,0.0015480135221073066
-24.224664990931682,0.0007614553000635941
36.79655396014912,0.01574789972219433
-30.291064692924607,0.0009873815978846605
-31.448028583860495,0.001924557351809084
-11.484893166575958,0.00613348060380895
-29.26095764564539,0.0006359406901630016
