delta,ratio
73.23221461297324,0.0033491412801757627
-9.945734754115371,0.0021166572890710823
6.445541246139065,0.002665916459019907
