delta,ratio
-16.446863374738363,0.0011233460036312814
-23.206081440124276,0.0015021487257860157
24.760762287333264,0.004811229976792891
-6.549302765749552,0.003143627188456531
56.360628920279225,0.063255700545563
9.560800138098024,0.0011451162750194845
36.18463246218383,0.0007053567929777813
-22.725580781362748,0.0006705243587566563
-21.174896271287373,0.005146492156171219
