delta,ratio
31.00794437883853,0.001744491782939878
74.05720873412768,0.0006675672526773541
67.42147493407644,0.0034795368594739444
32.24570885354491,0.000497526537372745
