delta,ratio
79.84745341180627,0.0033073122902289097
delta,ratio
79.84745341180627,0.0033073122902289097
