delta,ratio
-28.295705023858226,0.0020386109855074683
-3.1620754954918553,0.0011802484652937975
-8.570344936893825,0.0025444317563476674
-8.755735933414591,0.006077513201155724
-24.100517053933416,0.0026823828756677216
