delta,ratio
26.426527868394516,0.001273504553495381
19.584440719898524,0.025478280809801482
55.75469921991407,0.0012694096835484505
-29.24352803960351,0.0009090611282185678
