delta,ratio
-31.76427388341012,0.0013041160568099607
-0.6174207365569728,0.0013612306286410539
-24.617448486584724,0.0011994060084529567
-28.78654108988785,0.001175608270190001
81.45285149885288,0.003112744164794578
-23.02403950841012,0.0024368883981266422
-19.84760721674345,0.0005711457183109317
