delta,ratio
14.32039887305082,0.004584024188042524
-3.4582405737135,0.0011595522177790783
19.996743917715115,0.024914117277328045
-10.576137769975183,0.002167387322951548
-11.423173168205272,0.0012245738374676246
30.263599072130077,0.0020590179568039705
-0.823828799875514,0.00652383584208416
-8.124964930469009,0.001755583731590754
-9.24423300807042,0.0018206053512793004
-0.9956910840962188,0.003760417005320936
-9.580413132294023,0.0014954972528365682
