delta,ratio
32.07165971980763,0.03958761225886996
