delta,ratio
-10.00092508624062,0.0018781784558483587
-17.393232778548313,0.0027739251040221915
-12.7789470642626,0.0020226537216828477
-16.845988684060124,0.003669671752196024
-0.303489188804722,0.0033807212205270456
-17.146397335510336,0.0022827092001849285
-12.800925086240621,0.0018781784558483587
