delta,ratio
-25.844466023362983,0.003979385478504795
14.317126482491815,0.013927849174766782
18.288590343131517,0.004762215408702459
-21.92238547286713,0.002642051014417118
-23.69421245572529,0.004533890012394807
-16.180480045427114,0.0051862482875595275
