delta,ratio
-44.23768485957376,0.002068315858453473
55.2896252217066,0.0037611948449104413
-23.53495371689428,0.001413007863695937
