delta,ratio
-1.0171966628998206,0.00548952588104301
-18.736218474755837,0.00547657888604055
