delta,ratio
37.82631204068537,0.0050086032130019255
27.754601699744263,0.04030733061892025
