delta,ratio
33.52789155681104,0.014226466049382717
18.541178603302097,0.024016203703703703
-24.22337962962963,0.0038580246913580245
-18.28794006919007,0.0043885030864197535
