delta,ratio
9.534437794191746,0.0037386163923949513
-27.568126308372356,0.006231027320658252
