delta,ratio
-30.911486741550206,0.0012749589420001728
9.599725305761098,0.020024778863053563
-24.68188178210946,0.003702423142305587
