delta,ratio
-4.5720909316838,0.007140273343503767
49.983805723146276,0.03211550257144205
5.420684761287685,0.003821776260950254
-4.5951739158176075,0.0019344793419624742
-2.023666155285458,0.002076026610886558
-3.956179360734442,0.0017142947014139
