delta,ratio
43.053326334347695,0.04730568111317912
22.195015106818836,0.014025525126296198
12.22009638308495,0.005738721971106975
