delta,ratio
-25.157337223902957,0.0012532064461806575
-20.069968426193032,0.0012825784722630166
14.236933609430373,0.0023497620865887327
-22.613295328298562,0.0008909514578315613
0.6440853507239055,0.002623900996690752
-24.61759537607687,0.0009007421331923476
33.86110027609705,0.003916270144314555
-22.71791611734558,0.0023889247880318786
-24.079412544415778,0.0015273453562826764
-25.211431369472578,0.0007734633535021245
5.173161855748987,0.014627268989014862
