delta,ratio
-24.54556476207658,0.0050514162006133866
-23.849136190648007,0.0025257081003066933
-23.76039160190342,0.0023152324252811354
10.126763925496007,0.004931144386313068
-23.266380758378013,0.006193998436466414
-16.52408443081364,0.0013831258644536654
29.20833077519592,0.0057429791328402185
-25.639342839345225,0.003187203078958446
-26.338313679825497,0.0033074748932587646
