delta,ratio
-21.69059766579779,0.002674881783475359
96.31516467936825,0.004550611579008389
88.35153020071911,0.003743178223315363
-4.25867422263461,0.0025713646865916373
