delta,ratio
-16.103531090864074,0.007038983990055563
-24.506527182917914,0.0014677030447349897
-24.52134875400445,0.0026808045408935016
