delta,ratio
-21.610568973749963,0.0074885038652638776
-34.78295856134868,0.00185077091727054
-34.29425152370547,0.0013382497401802367
-25.567239497803527,0.008186102134081235
-32.682259260649374,0.0031320738599962985
22.971142304672725,0.0021497416039065504
-10.036804715194833,0.0026337893822696145
