delta,ratio
35.88307679501824,0.0011201751776775035
