delta,ratio
-17.62663379826344,0.00985282344971981
-11.97776568802722,0.0078206786132151
-18.139266776986844,0.0028942668883551945
-12.774060268851676,0.005234312457663649
-14.824550464930107,0.002955847034915943
-16.385824974734028,0.004187449966130919
-17.879942621792853,0.005234312457663649
-17.475740941120584,0.004310610259252417
-18.590576105955748,0.006404335242317876
-17.97288379826344,0.003079007328037441
