delta,ratio
50.64348920586205,0.051763250154671064
