delta,ratio
-9.987924886177925,0.021291115053910195
-11.85305309130613,0.006824075337791729
-14.994128360123334,0.012692780128292617
-12.056016054269092,0.01842500341203767
