delta,ratio
-22.542762196182395,0.002632453632918966
-8.261073021830175,0.009785282191052317
5.837946411107481,0.016605730239978727
-18.376027463409926,0.004932526756630991
-18.132661186081382,0.002393139666289969
-16.136614832979816,0.0021671209200292496
-20.297105630525827,0.0019942830552416406
-20.86996277338297,0.0014890646812470917
109.57219014412205,0.0018879212922954197
-23.32242937153302,0.001848035631190587
