delta,ratio
17.728465365965853,0.03542870087212595
43.94015637988063,0.006682523502095367
