delta,ratio
-26.103176245455472,0.0031318010510112
-25.90898998702646,0.004936567758373586
-26.8425188237811,0.007882584001273953
-29.724496495232458,0.003529911354105844
-18.891952004509246,0.014756621901374807
-29.53330422885222,0.0026009873135516746
-21.069851915656024,0.006661712405117044
-28.592060754718382,0.005706247677689898
