delta,ratio
-19.6732492855446,0.0030616505079556523
27.318374387585926,0.01185229855731317
-16.690768224938537,0.002968873219835784
78.11808239864423,0.02045739203043095
13.744794791590387,0.011226051862504059
-20.00970204846795,0.003548731270584961
