delta,ratio
-26.61868019432636,0.001969891384887861
-28.623326159981495,0.002819294092133085
