delta,ratio
-16.831747135397276,0.0016537229700027214
-11.990788221600514,0.0037470431851960393
26.559808214672074,0.02120533377990831
-17.232517636222813,0.002407318247472316
-16.58725259750929,0.0015281237570911222
-16.736068206353526,0.009817671809256662
