delta,ratio
-23.06111080541203,0.004715603221633351
-20.91086239677983,0.009514668447189418
-21.482378998200737,0.005049451237324208
-22.657091286761794,0.004465217209865209
-22.017826234946675,0.006134457288319493
-20.390538700214474,0.0029629011392563534
