delta,ratio
-17.795874576073082,0.0004718642320006813
-7.376673397484112,0.000685929468957088
22.072418106853746,0.0003774913856005451
62.68583161909373,0.0025020313179743444
24.963972229006544,0.0002785149857174753
-24.93308027182946,0.0003982073762737457
-10.132009126992052,0.0009713497848989635
-16.92429859108246,0.0007181543433376223
4.34914714126738,0.001344237617016575
