delta,ratio
-24.314168618266976,0.011475409836065573
-28.120586837728673,0.004713114754098361
