delta,ratio
-22.918158525692256,0.0664973102211596
-20.08170166957793,0.01539151225343694
-25.86852701669141,0.013897190675433354
-22.649300568288265,0.010011954572624028
-25.55078056327133,0.03556485355648536
-24.58042705874103,0.026748356246264197
-25.185253978805772,0.0639569635385535
-26.502063779260432,0.01105797967722654
