delta,ratio
-17.49315767497581,0.0014923806969884225
1.168036945277354,0.001842157422845084
-18.56808385607817,0.0014807214727932004
