delta,ratio
36.494822329380604,0.0034118824492766807
6.104465046302472,0.010728474812725564
113.06140441319451,0.004382373457070937
50.55904624795567,0.026817396051314713
