delta,ratio
-21.96819177620492,0.011461794019933556
19.656337209302322,0.03322259136212625
-21.19044850498339,0.005813953488372093
-21.24419932037804,0.01818936877076412
