delta,ratio
-16.983390607101946,0.002577319587628866
-21.316419526432234,0.00209049255441008
-22.49450171821306,0.002634593356242841
27.235783996072655,0.025057273768613976
17.82890253710609,0.013459335624284079
75.61948791909263,0.0055269186712485685
-19.510985234696577,0.0052119129438717065
-20.35813808184942,0.0044100801832760595
-18.13359946257396,0.007617411225658648
-19.81308578900952,0.0032359679266895764
