delta,ratio
-33.53289896177088,0.0005776132263959775
-26.01961723742359,0.0010226594827994356
-32.722707375754695,0.0007859327506699366
-28.481248389123234,0.000691242057818137
-30.326010797155426,0.0015955381745528232
-35.14275442786847,0.0008001363545977066
-34.216818652321635,0.0004213735831905082
