delta,ratio
-32.43728635791199,0.0008061460019981397
-32.32141951830974,0.0017707651496882213
69.81372374309812,0.001515830089227271
69.35066356384075,0.0009783994212285113
7.177335131709505,0.0050160195679884246
