delta,ratio
24.421978976420824,0.001376759645464025
