delta,ratio
-14.254992700666472,0.016184711947993723
-14.519969754455698,0.009011432414256892
-16.76510770108618,0.0014794889038332213
-12.799198610177092,0.006455951580363147
-9.04324622922471,0.003765971755211836
-12.013762473105439,0.004797130688186505
-7.556004719074835,0.011253082268549652
-11.737091691938097,0.011880744227751625
-17.225480661459144,0.0046626316969289395
-17.09483353081201,0.0056489576328177535
-14.890865276843758,0.005379959650302623
