delta,ratio
-29.269813302073096,0.002814322991379428
32.38821242361809,0.002691367132532754
-28.052233551726356,0.0015301173545363882
-31.519070286420234,0.0013388526852193396
-30.649241273734077,0.0020219407899230843
-29.044539010495228,0.001680396737571212
