delta,ratio
-24.914051685897206,0.003155762799679714
-22.73397836827479,0.006711883566482973
-21.853361162610028,0.0019546888983090764
-23.421474887350257,0.004451038575667656
-25.06732966460435,0.013800574631435166
-24.82743929331466,0.0031086618623710613
-20.607213782391476,0.00405068060854411
-2.3716527590298355,0.02070086194715275
-20.699144295140147,0.009773444491545382
3.9688395573683337,0.027271442701709763
-24.275594312898257,0.010385756676557863
