delta,ratio
-6.846394142084915,0.00584668687743612
