delta,ratio
-14.956703425743157,0.002637728113307625
2.061123550339346,0.0015577887045983437
-39.83596449943167,0.0006785460001624688
7.947569695428214,0.0023175690850619534
