delta,ratio
-25.861236944968333,0.0012906584527282783
-26.93030207101875,0.0006941356384420993
-22.448071678861886,0.0022125573475341915
-18.527783414302334,0.005813385971952582
-24.880936128989767,0.0029934599407815533
-27.117683249725975,0.0028524636392230017
-19.80645947842616,0.0014641923623388033
-27.24468965491137,0.0016160345332480125
-27.47532325745943,0.003839437750132862
-26.550950805195967,0.0008568236787019663
-26.806028815204797,0.0009327447641565709
