delta,ratio
-23.273925609340143,0.0009682968228472483
53.029456114248006,0.023956802569973686
11.702668817904438,0.002705535240308488
51.715542755325316,0.003314992652335874
3.9091759949379323,0.0015663625075470193
58.21408497382103,0.018488773452718637
-10.47339233405038,0.006157228620575738
