delta,ratio
14.48719571610329,0.09752086418320903
-11.317356115137652,0.00154903338951707
-11.885797830688542,0.0013170195778713415
-0.3183781415693687,0.0008529919545798844
31.923209325793554,0.002613567348832766
13.087167702475188,0.007963532887957802
-6.387652114172109,0.00797035682359444
-10.798467527044231,0.0012214844789583945
-11.628504267695497,0.0007574568556669374
