delta,ratio
-22.21123399726189,0.0016608943078963293
-19.20344583526812,0.0027552820301536005
-7.145534682469467,0.010647748780079569
-23.706058013825036,0.002072899097452008
