delta,ratio
-11.175710474151014,0.006788763077234846
-12.085765462367824,0.004812929047293361
-31.19245109536925,0.0037490184157864073
