delta,ratio
52.362299881107745,0.009435417426930066
-22.06832212846163,0.0008953865022365852
2.218714908575407,0.001625239365404222
47.05003535946108,0.002336281587768569
