delta,ratio
-21.66395209335901,0.014937938997402098
-9.732408395510966,0.002116809390936207
-19.756717946719252,0.0019003175214086403
-28.074580112682682,0.007360723563937265
-26.94456865792896,0.004666602520927547
-23.048503015177015,0.0023573559126335033
