delta,ratio
5.4520543728012285,0.015845033692862956
