delta,ratio
27.31133805077215,0.002646507016192347
