delta,ratio
36.774183687929565,0.0032076855501019528
-30.72256792728939,0.0022566632010767506
-14.404710784432247,0.0011283316005383753
60.86991157206322,0.002667698284130016
-23.851377451098916,0.0006044633574312725
-10.09349583116122,0.0025871031698058464
