delta,ratio
-19.724894847264302,0.00277833300019988
-24.709815710573654,0.002498500899460324
-22.746892633650578,0.0020787527483509894
10.568341152171442,0.008155106935838497
30.740233876203206,0.009674195482710373
-20.65073878749673,0.0036378173096142316
