delta,ratio
-22.25284351320606,0.007612690317257932
-23.452476142412035,0.004425110627765694
-20.7655315707217,0.006937673441836046
-23.881588804425995,0.0031875796894922375
-18.66593952584664,0.003975099377484437
-24.73354958873972,0.003150078751968799
-22.6653677705579,0.002475061876546914
-23.22888292207305,0.00468761719042976
-23.932672395757262,0.0071251781294532366
