delta,ratio
-5.0015038524704565,0.08867231187090589
