delta,ratio
24.952919882961424,0.06327307326355852
