delta,ratio
-6.632218928414581,0.005928853754940711
-4.879868501064154,0.021409749670619236
-5.404044325239978,0.00461133069828722
-11.329670245711258,0.007987483530961792
