delta,ratio
-10.813312997099239,0.00311289660300303
9.406907870121529,0.01661876172191457
7.1033073237563755,0.030518594147088525
8.243852778301829,0.0005548835299470641
-34.91324399589172,0.0004300347357089747
-30.119736965287913,0.00043280915335871
-31.184136912419817,0.0021529480961946087
-31.50412341217436,0.0018644086606221355
-33.66900436455531,0.0003884184709629449
-32.0558769514279,0.0005132672652010343
-13.219810968784977,0.0005964997946930939
