delta,ratio
61.236469211892945,0.0130542715288478
