delta,ratio
-23.737047603175068,0.0039704714567218614
-24.587340000835887,0.0027940354695450134
-2.0618073109797592,0.0339990000294109
-24.888829573824964,0.0031175553660186465
-23.449592406042452,0.002735213670186171
