delta,ratio
-11.623234649802328,0.0034114282847539255
-3.852311646454652,0.008227562333818291
