delta,ratio
-5.397512070427133,0.0069203741512748685
-17.584770335654323,0.00242153743886805
