delta,ratio
-26.714451419419007,0.0025247137472441503
-0.873218261960325,0.03445700874759974
-26.069121224995985,0.012339093947798876
-28.67101004830073,0.0029514259298769646
-27.84380649725444,0.0013512552450039115
-28.319779037300208,0.0016357300334257877
-28.429854951723946,0.004480477917644549
-29.270522020239117,0.0028091885356660265
-24.1806486025176,0.002844747884218761
-22.397721773249305,0.024784865941255955
-22.541805627310985,0.02151340587440438
