delta,ratio
15.925063800467939,0.0032856523191520126
