delta,ratio
-22.353301983234516,0.004975124378109453
-18.677502896476522,0.0024534859946841138
-7.6268920762321954,0.004339035416524683
-20.692300404264685,0.009723074127081488
-11.371947340920968,0.0049069719893682275
8.375008519048592,0.003316749585406302
-17.775987744961373,0.0019991367364092776
-26.760836229809854,0.006815238874122538
