delta,ratio
46.67180018165441,0.03164310092637738
