delta,ratio
-20.374941892103273,0.006424364999107727
-13.631423373584756,0.007138183332341919
-22.259321924309393,0.006840759026827672
-21.816423373584755,0.008922729165427398
