delta,ratio
36.42225342877807,0.005520856569261655
-1.8749642725316988,0.01090229756859246
-19.901587389038646,0.002314298460852108
-21.959435803974984,0.003931519072049966
-20.33795390774505,0.01059558331474459
