delta,ratio
-15.984649460502819,0.00223825831702544
-23.869797782126554,0.002054794520547945
-25.347531468193573,0.001981409001956947
