delta,ratio
-25.01646424324592,0.00419840611408603
-25.16344301297918,0.0027654172008949895
40.61151972919667,0.033738089850918876
-25.47313332266949,0.0022877542298313097
-25.857748707284873,0.0022877542298313097
-25.311350660886827,0.003167659702843352
