delta,ratio
-7.609152271724682,0.004216558982796004
32.66131603028232,0.0015907431821400944
5.2696128741072314,0.011146097776228195
14.124089862338245,0.007964611411948007
44.37696221096698,0.01565683529270764
-19.00497693121436,0.004260140987786143
