delta,ratio
23.400192395359433,0.01627731725697061
-15.23688945357964,0.0055362974127103745
-27.36576591267537,0.001838733986435569
43.91446739250542,0.015212258226576236
30.39810959373603,0.22308967596081386
1.5222608457790159,0.014117056016076364
