delta,ratio
6.084840058397532,0.00656019098540974
-22.056684987092908,0.0021604237982026063
-8.363569426854063,0.0012824433505312274
44.74176809276917,0.002416912468308852
-3.719302373153049,0.002091369156250925
52.94544044739187,0.05056772780633132
-12.75967748546212,0.003314622813680711
-2.165823224012314,0.0030975939389754265
-26.318514481799117,0.0008977103453718593
