delta,ratio
-22.966961722488044,0.011578947368421053
-16.392319754866623,0.009605263157894737
-20.15905824955648,0.005855263157894737
-26.994925180598557,0.003355263157894737
-26.625774853801172,0.014802631578947368
-24.171715896885075,0.01611842105263158
-25.999036502546694,0.004078947368421053
-25.79820967129014,0.018223684210526316
-20.63498120300752,0.014736842105263158
