delta,ratio
5.620513501949823,0.002344763789138283
-15.54033845272182,0.0019336271247414336
-23.04485464873511,0.0028779566507779477
58.49754305014035,0.030848097850526127
