delta,ratio
11.019751542656607,0.0018195332243199048
-15.530740219543482,0.0018611565333729746
38.00183697479753,0.004096922848223577
