delta,ratio
59.91943219727271,0.0006013336813392085
10.869533285171059,0.003393057282790598
