delta,ratio
15.569413235506989,0.00724713607152836
-8.379078718887772,0.0026019837943559655
-2.2624114726520723,0.0033703548477228276
3.9640911839419495,0.006862950544844928
-17.69287332079014,0.00242735400949986
-8.91953155464262,0.001589131042190556
-17.081405608732243,0.0029163174070969545
-16.58733375244482,0.003492595697122101
-14.711393158385413,0.003527521654093322
