delta,ratio
17.604062487381633,0.001829652610773533
