delta,ratio
-15.987709594719902,0.0015905743740795286
-14.171760993057013,0.007697594501718213
-10.835554036643963,0.05771232204221895
-1.818301919897067,0.005439371624938635
6.922835274340635,0.003966617574864997
