delta,ratio
-44.91531283537041,0.00036307995539303404
-44.47118085186834,0.0005489423135108967
-43.932237677596454,0.0007175151499433768
-10.037948190882474,0.008203878039714032
