delta,ratio
28.36861281296334,0.052302819689438264
