delta,ratio
-28.15908305404273,0.0014400921658986176
6.58598464421646,0.0067684331797235025
137.37156962660995,0.002042312526183494
-4.778518790719843,0.006074570590699623
