delta,ratio
28.566421138877935,0.0043255820891069914
43.73702724551624,0.006771773339498531
