delta,ratio
-24.79235923310517,0.009892386872535259
-22.34262950337544,0.005013033888109084
-22.120769038259162,0.005748278858365083
