delta,ratio
-23.649715603859903,0.001519990436015234
-27.492740769770936,0.002920431062456236
-27.615048571796326,0.0014004406264410021
-25.4285681970588,0.0025788601779584306
16.161701029870542,0.003398630300753164
-28.770100836604687,0.005260191621266203
-27.589148455652307,0.0017932471436134783
