delta,ratio
-25.3350511587048,0.003050569048457116
-16.348672953576592,0.003754546521177989
-24.042858276959677,0.005240721185810943
-17.99658962024326,0.0017599436818021823
-21.719666543320184,0.003050569048457116
-22.503771940685247,0.007078884586804333
-20.726167085031992,0.005553600062575775
-24.70224999760175,0.002072822558567015
-26.438791455105644,0.008525949391841684
-28.75658962024326,0.001955492979780203
-27.1541315196846,0.007000664867613126
