delta,ratio
37.43447667989936,0.0011585838573520545
10.33176661434699,0.002821087087604445
