delta,ratio
-32.514685173818705,0.0008756924079504725
