delta,ratio
-34.20145959625684,0.0009593015352708376
