delta,ratio
-24.869665740576462,0.012645365247826577
-27.83618359771932,0.003612961499379022
-23.9195754516519,0.010048549170147905
-22.966391931052655,0.003217793835384442
