delta,ratio
-21.435336293810828,0.012405778894472362
-19.676200874656303,0.00416143216080402
-21.939153854590412,0.004946608040201005
