delta,ratio
-21.068493934082184,0.0029378672334041756
-22.978770931272066,0.006625828228528566
-21.788178504830586,0.008938617327165896
-23.6781146556363,0.002875359419927491
-19.42594074259282,0.006563320415051882
-19.7932363400771,0.009938742342792848
