delta,ratio
-31.849221014750466,0.0018208890111244937
-32.093911055400866,0.0019441783712527147
