delta,ratio
-33.70918279718738,0.002222512746764283
-31.59971742830602,0.003028718350982699
-31.647249058174538,0.01579727197455005
-31.903765715100313,0.0025711421972371114
70.84359535795458,0.02830435351026278
-34.22458895965237,0.004270710768292152
-32.25999268636045,0.005011548350546912
