delta,ratio
-33.97763905931213,0.0009589224387850676
-30.993453012800504,0.0011150260916105437
16.60596304559366,0.010693100218545115
-36.310376089723576,0.0010146737433655948
-36.03419102018058,0.0030217207082645736
-34.94137380487971,0.0022523527050532983
10.047282442742855,0.040631550778288214
-37.294059073406565,0.001839793051157397
-37.144564123911614,0.0010035234824494893
