delta,ratio
-23.94033801419887,0.0024822837010049247
-21.21825812599577,0.011090202986747807
-16.401105233030606,0.002962725707651039
-21.318969906214427,0.011290387156183688
-21.16391977170721,0.00464427273091244
