delta,ratio
83.83976123310426,0.006039592886701711
-20.875240099163257,0.0006218543787048429
delta,ratio
83.83976123310426,0.006039592886701711
-20.875240099163257,0.0006218543787048429
