delta,ratio
10.82895642341829,0.003554944515368752
37.24117896873186,0.011195129136796622
19.35871378515435,0.0023814200137484043
11.066617565223083,0.0019886084650888734
13.041441984455929,0.0030295590690366295
53.77970372527217,0.018673278994402437
-5.307741409135893,0.0012766375331434744
38.1495551201923,0.007443778847098105
