delta,ratio
-26.31548040518711,0.0012536346699632615
