delta,ratio
-3.855887369986256,0.0021766398583339484
