delta,ratio
57.3521935639855,0.0011450841737313672
-22.642933141667523,0.0010848165856402426
