delta,ratio
56.85918865622019,0.07046820626384055
