delta,ratio
-32.35259622601819,0.004356525106492836
4.4069160813201975,0.005195559571447012
