delta,ratio
-18.624003337264448,0.009487993375655535
-21.530480609991724,0.005520287054926856
-16.276515556228283,0.003208666850676235
-9.332992292234714,0.003691691967982335
-12.967239084567993,0.004071211703008557
-23.63214345402842,0.003760695556168921
-18.402785655863283,0.003760695556168921
-24.48521545847657,0.002277118410157328
-25.252115225376336,0.0035881865857024567
