delta,ratio
-24.32239889673381,0.010897110998479472
-23.033569495138806,0.03522554485554993
-22.040482714563268,0.01081263726980909
-22.52980761914342,0.01106605845582024
-24.616972540144666,0.010897110998479472
8.315734040755878,0.011910795742524075
