delta,ratio
-17.667869325238865,0.0029445444135449044
-17.622895780265317,0.0026719014122907466
-18.64128333330634,0.005507388625333988
-8.522246429615969,0.0023992584110365885
-11.57002738881425,0.006925132231855608
-9.738485584651805,0.013141392660450406
-16.20208832684917,0.005016631223076504
-16.523994681364222,0.0028354872130432413
-16.34576853592496,0.009978733845902176
-18.314860065979605,0.01046949124815966
