delta,ratio
-26.193877468356252,0.0014083032800144637
-25.56092193217491,0.0011799297751472534
35.12430084982206,0.14695835038204985
