delta,ratio
34.04901063422188,0.0009342151248756621
-1.339667399728917,0.002560690378256311
