delta,ratio
23.25365320583967,0.0019622641509433963
-15.097338418305895,0.0016692563817980023
1.328627010666608,0.013726970033296338
-8.505055405810118,0.0011187569367369589
5.7399551392004255,0.00634850166481687
-21.566563342318055,0.0014916759156492787
