delta,ratio
18.318681243939707,0.0791751833593844
