delta,ratio
47.31357873598226,0.005439715636802183
