delta,ratio
-14.277080142435096,0.0010963420587223214
-8.550220944296939,0.0011043445555013163
-10.789659735539615,0.0007522346972255343
-14.124356953215557,0.002080649162538712
-13.434796513655117,0.0015684893686830292
-13.654147163005767,0.002200686614223638
-7.163281883706752,0.0006642072326565889
-8.020097576228906,0.0009683021102584006
-13.8817534029197,0.0013524219556501629
-6.498600687009851,0.0007122222133305591
-6.846132689916669,0.0016085018525780043
