delta,ratio
16.149052190981507,0.00047337998848385527
-3.3064988747827115,0.0028845727953226733
6.004418954346612,0.0017578730566505736
16.01909767506207,0.0008969305044957258
11.124035946667014,0.0004484652522478629
32.076047097602896,0.09311190592195598
30.45918942490819,0.01505126899056562
