delta,ratio
-19.645426883509195,0.0015961476030732604
-17.124267092442146,0.004301482523536414
-23.646185800787215,0.0018125743967103128
-22.76531492580433,0.002948815063304837
