delta,ratio
-24.732877217966664,0.0014783940721741298
-22.9509297559876,0.002173061166328239
-26.251172621804237,0.0014427701186277653
-27.142856758771394,0.0033041216914253143
-25.757400088208694,0.0020127533753695986
-25.060615652621312,0.0011666844786434399
-26.717265475221033,0.0012646503508959425
-24.872152883503063,0.001487300060560721
