delta,ratio
-23.55378652118079,0.0005529184092419723
-21.31805597238594,0.0015940520096231331
-19.310590083773565,0.0007587922850235578
-23.26537044553067,0.0008470239460728088
-11.559926746798382,0.0017528689995117848
-2.3782546062871717,0.0011058368184839447
-22.38705066233284,0.0012058327010064291
-20.747592667752894,0.0013234749157387637
40.69311551295529,0.0010705441540642443
21.29487994570563,0.0008352597245995753
-2.188650868811095,0.0011117189292205614
