delta,ratio
-26.517808029393265,0.002633645424343099
-26.019888251283604,0.002077922077922078
-25.54519604882122,0.0008215040773180308
-22.58337192523239,0.0023920265780730896
36.52459350493131,0.03363334340078526
