delta,ratio
16.207385634225076,0.0019335050913998283
-25.655592919418332,0.0018108207581891793
delta,ratio
16.207385634225076,0.0019335050913998283
-25.655592919418332,0.0018108207581891793
