delta,ratio
-12.380329812863053,0.003908357872989932
-24.75704573963696,0.0015340497371301707
