delta,ratio
62.173304760943665,0.0013421498288934642
