delta,ratio
-8.98028453183003,0.007375091844232182
153.24192455696834,0.002709404849375459
-30.102545126763975,0.0008908890521675238
