delta,ratio
-10.119341783129915,0.07597589730154572
-21.0379906219758,0.006418653392716793
-19.016435932684352,0.011658370447995808
-20.358422242900033,0.005698192297615929
-15.876873543565488,0.0024888656012575323
-20.7999205325722,0.03543358658632434
-16.79670718762113,0.02403720199109248
-16.446153887281923,0.0032093266963583965
-20.13428431186555,0.011396384595231858
2.693222427603203,0.005894681687188891
