delta,ratio
4.102442325455172,0.0009635289964988599
11.702181773084149,0.00045314482508609753
