delta,ratio
9.484801187834705,0.0011768313401788453
2.223509731431406,0.0005165902831301503
20.103694729263452,0.000408852202691242
24.17908261715135,0.001193406429477139
34.40486290511194,0.0010801433192721326
-0.12268058221823708,0.0011685437955296985
18.150312775881503,0.0005221153128962483
0.5780237295440145,0.0007983668012011415
