delta,ratio
12.14372662585042,0.00041590464958608943
7.317560508284956,0.0009001771867753716
47.424915857085026,0.001806051697517676
13.741362940650305,0.0002905635223135693
13.36838766358295,0.001113826835535349
15.34785106435507,0.001051156271899089
20.12457273459482,0.019034759373522257
3.122643577905208,0.0010938862016510846
40.4401151688143,0.0010027290181801609
