delta,ratio
-22.815301732838364,0.0035962231135452057
-21.911402614998046,0.0012839595950414162
18.708122536615477,0.03314433751093638
-18.508867336356573,0.0008408230976377416
7.360860131697251,0.0013578156779420288
