delta,ratio
-14.48106731564058,0.02403770620581304
-15.395691498647116,0.022623723487824036
-9.331928872384488,0.005184603299293008
