delta,ratio
-22.75584618733309,0.000720555893207351
-21.472666565023033,0.0006203046385002412
20.831916508181273,0.003953658857511639
47.13123382077646,0.14780794365879485
-24.059968152324622,0.0004824591632779654
2.019314751559648,0.002750643801026322
-19.300703027205838,0.0010275753607478743
