delta,ratio
-6.757217584182648,0.008884792626728111
-8.075059907834103,0.003502304147465438
-2.92866815525678,0.003576036866359447
-19.253361794626557,0.015631336405529953
-14.834434907834101,0.002359447004608295
-2.8888530112823787,0.004276497695852534
-7.639616869859417,0.002912442396313364
-20.34172657450077,0.0022119815668202765
-19.460461367688115,0.0050506912442396315
-20.20332077739932,0.003391705069124424
