delta,ratio
-27.658715478539648,0.0016676559540970632
-25.916388405704097,0.004183272562819752
-28.148292723815317,0.0024590858984143136
-24.780612819691548,0.0029819949687667825
19.588789669567433,0.006048786002996127
-26.479009062074756,0.0031657197772690013
-27.8212062670437,0.001625257921365782
-27.93970584078624,0.0014415331128635632
20.758178576138427,0.07303767771842053
