delta,ratio
27.27637550996316,0.0021239307323179637
-29.331905250021702,0.0006718130607135406
33.842611909403416,0.028658460254537867
