delta,ratio
46.80760707276644,0.005369791390669987
-30.095481282837596,0.0034091109815766697
