delta,ratio
-18.99545111356882,0.007650571280932422
