delta,ratio
-8.675119150810882,0.03480977351333259
-7.009826110517842,0.007809885083119491
10.620166662307984,0.3308044181635613
-4.6655037661954974,0.008702443378333147
-5.652683253374985,0.01160325783777753
-7.487545638696085,0.012161106772286065
-4.988620753374985,0.014280932723418498
