delta,ratio
-19.41773345895753,0.003706846500826225
-22.98216065928426,0.0026349872716716536
7.398285983619644,0.010405966683042294
-13.218779749382389,0.0033942208923228084
-23.35734375198148,0.007235049796793355
-22.665240729418688,0.00518065294091376
