delta,ratio
8.058286688970945,0.006474084731003672
