delta,ratio
76.46937566880516,0.00519746844394159
30.703616031616946,0.001591061768553548
-6.7842494654590695,0.0013435632712229962
