delta,ratio
-7.799349913228792,0.007564884583183829
-1.2282036681695025,0.005501734242315513
-2.658077440960529,0.002780767850735558
-13.02484060611079,0.013993541442411194
7.067299720820412,0.015727783757923695
-17.212637377240895,0.004843918191603875
-2.510969042239225,0.016594904915679942
-18.17349750476769,0.0027209663915799547
