delta,ratio
18.01878757213222,0.006677224165642432
-19.052754113941376,0.0011227191074974
-3.281212427867782,0.002670889666256973
-15.884224914229765,0.003450883993570956
14.960994543416305,0.005790866975512905
4.294933286377606,0.02222983832844852
23.941858889154602,0.010045381488134632
