delta,ratio
-4.73653015285408,0.0009237229681892903
12.196600247774356,0.000407167360978174
