delta,ratio
-21.479130887327607,0.00156128024980484
-17.273070281267003,0.0014311735623211033
-20.475504666964987,0.006219099661722613
-14.118524826721547,0.0022898776997137653
18.731125522928807,0.0023679417122040073
-18.228150495170745,0.0030965391621129326
-2.760797553994273,0.0052042674993494666
-18.072541740040784,0.004475670049440541
-14.99473372420704,0.0024460057246942493
-16.655075904509737,0.0025240697371844913
-16.236886662905164,0.005256310174342961
