delta,ratio
17.15799093021017,0.0021751441515650742
53.46072274468772,0.0021494028006589787
