delta,ratio
-19.39059312484732,0.00300070089363939
-25.066489665628026,0.0020150692132468897
-18.989712577981372,0.0013798843525495007
-20.063049929799735,0.003460662344489224
-14.287504158381648,0.003022603819870335
-23.300679388948183,0.001927457508323112
-23.39059312484732,0.00600140178727878
-24.60986030703999,0.00221219554932539
-19.323859912128704,0.0076879271070615035
-21.907905496174287,0.0017084282460136675
