delta,ratio
65.62065058546867,0.0053787719139797895
85.89745829449635,0.004134429157760584
119.67311477459018,0.0029904366238171216
37.10463077030776,0.005850417958675779
117.0818990307423,0.003853448535388506
