delta,ratio
-18.660114259318526,0.006730031288741957
-7.948540548923134,0.003955369266190448
-16.336688046728227,0.010036011570930987
-4.340210517663504,0.02001298777968003
-14.433659508580293,0.02981285790188323
-19.442570399669403,0.0023614144872778796
0.37171531461631346,0.004132475352736289
-17.839766661351646,0.03158391876734164
-17.230805693787048,0.01605761851348958
-15.829011077635505,0.006966172737469745
-19.445600702699707,0.003896333904008501
