delta,ratio
-32.87029853327799,0.00113013698630137
-32.73097425602268,0.0009931506849315068
-33.43145927362948,0.0019748858447488585
-30.681986844966296,0.0028767123287671234
