delta,ratio
-28.615881189834536,0.0006007861716188612
-30.167130600489887,0.002889495396833571
-29.988670305480795,0.0011214675203552076
-28.369806543759893,0.0006351168099970819
-2.63582728147874,0.000909761917022847
-15.255386202365866,0.0017394190111631792
-23.991770279647678,0.00045202007197990514
5.511463372444524,0.0013102860314354212
20.977913221920716,0.008473945906357461
-22.773537412174772,0.004617470861870677
