delta,ratio
55.587719364047615,0.0037587276735605453
