delta,ratio
-3.8374994881731723,0.003478666272178739
-24.252589164772523,0.0026179653388561644
