delta,ratio
-23.43367016828801,0.02895485969906466
-24.182867600069713,0.0056933712891419274
-22.824898979095313,0.014070760471736478
-24.742391409593523,0.013664091093940626
-24.62092953813165,0.011630744204961366
-23.66937553657765,0.014640097600650671
-23.469318262809036,0.007889385929239528
