delta,ratio
-28.032482621714387,0.0014639587303062695
-26.055648644880414,0.0034391411442115534
-23.75463203193719,0.002532880977831482
