delta,ratio
8.576532225482424,0.08327493704149787
18.567937568107283,0.0028741924887769627
-26.22015766998795,0.00131391656629804
-12.214239302641012,0.01341289828095916
40.14522385116035,0.008124384101609547
14.920607454249307,0.0011661009525895105
