delta,ratio
-19.516906921472994,0.0040821479673428165
-22.178122705333642,0.0024408719804730242
-20.16263468663113,0.004965911960272704
-21.723925561481323,0.004166315966669472
-18.475021425784735,0.006691355946469153
-15.850536498437089,0.0024408719804730242
-18.306385676651722,0.004502987963976096
-21.281976660708892,0.0035771399713828804
-15.908774046329809,0.00378755996969952
-19.444827527196566,0.01014224391886205
