delta,ratio
-17.165960199475656,0.0012965454387639961
