delta,ratio
20.183260624824094,0.008363153873989787
-14.726685611735046,0.0037392947609665877
-4.218525089461622,0.009006473402758232
-13.772725290668864,0.005709460817819951
-11.890675545388673,0.00944875557878654
-11.168630131478427,0.004784688995215311
