delta,ratio
-27.405039979267343,0.0032864667218038567
54.088817551285004,0.20267270273799678
