delta,ratio
-16.8255198113441,0.0017111966709446582
-10.686558772383066,0.002722358340139229
-15.576310325178095,0.001118111461128612
-14.02899574717298,0.0008264302103994089
-12.309638582240456,0.005551666472212499
-12.031999501866348,0.0009139345856181698
-7.5937016295259205,0.0011667250029168126
-3.028894762573131,0.0022653910473301444
0.12278188695759695,0.0017695329210904989
