delta,ratio
-22.372862631541242,0.01088903216562791
-22.004441578909663,0.005587792821835375
-23.96143082622149,0.006662368364496024
-18.48016973424947,0.014757504119206247
-23.348191578909663,0.004584855648685436
-19.93344766410236,0.035317716168779996
-23.27204721271248,0.0050863242352604055
