delta,ratio
11.145254596872974,0.0020913044511514057
23.00524116203195,0.0009648518263266712
-11.257595942418241,0.00168254949024454
-16.80945162937666,0.0014781720097911072
