delta,ratio
-18.499961286825908,0.002336616579193328
-16.232087983658488,0.003055575526637429
-24.750973432574895,0.004781077000503271
-18.22935689122151,0.004026170105686965
-21.522790070945014,0.005571931842691782
-23.532928319792937,0.0017614494212380473
-18.858642605507224,0.006290890790135883
-21.431196718061337,0.004745129053131066
-23.626170407047002,0.006003307211158243
-21.492620080314573,0.008663455316701416
