delta,ratio
-31.612743657670784,0.003965613605514598
-28.821089149354474,0.00306070848747771
-18.871190634238566,0.01083224656002981
-30.59751935530413,0.010113645436882868
-29.500966025075904,0.0030074787746520106
