delta,ratio
-26.33798269318687,0.004909911884617071
-24.211529204814777,0.013195388189908378
-16.923441876860338,0.015036605146639778
