delta,ratio
2.5632174896089452,0.0007401282682546909
-11.510176554201053,0.0010529021389397277
-6.753362223530516,0.000752515352242217
