delta,ratio
-25.92863068808892,0.0006412682393507422
1.2087291048360171,0.0009986964383331231
-10.059041445134419,0.0014034313107102309
-12.290209417941519,0.006254993482191665
39.099907755688506,0.003731970901139565
53.639242096175124,0.007889701862831673
22.112822672087475,0.017976535889996214
-6.173808226570571,0.005923846768428578
1.793883289850669,0.001056515705815567
