delta,ratio
2.011565601786561,0.042337071347310254
-5.728342627580041,0.01040143019665204
-5.846732050656964,0.021127905086949457
-9.903012925745179,0.017714935803673004
-7.593655127580043,0.006094588005850805
-9.901503228845863,0.019258898098488544
-12.330797984722897,0.005688282138794084
-1.1543181110054554,0.014708272387453274
