delta,ratio
-14.248461951171969,0.0014388985102661532
32.96018243406637,0.00391173606982535
42.390584630988386,0.00132688844659274
5.318202884294713,0.0056349678186470905
22.373813258289047,0.017223701329473293
