delta,ratio
-17.058320565245772,0.005787495053423031
-11.310884667809875,0.00890383854372774
-6.46589016835993,0.019984170953700038
