delta,ratio
-7.470170531039649,0.013642857142857142
