delta,ratio
43.413317790882274,0.0008368986576962017
