delta,ratio
6.465039606360506,0.38225266047733614
53.2844276146352,0.0013874333958170358
19.756398012415026,0.0016973919204144588
31.525722013443165,0.0162285427521365
-6.6499394967964705,0.006095850983749317
-20.289702746729212,0.0009298755737922687
-14.931029960345583,0.0012250741686469573
-2.9774571861493797,0.0010700949063482458
