delta,ratio
3.782175994779905,0.0009647000184900837
54.58258890769281,0.005354085102619964
10.176342661446569,0.001808812534668907
