delta,ratio
-22.27535412613863,0.0012480777374133589
