delta,ratio
-20.996201728017063,0.0014963496692781304
