delta,ratio
-15.529213813247123,0.007109472714107037
-15.163189625794365,0.004838391152656178
-14.704071363104674,0.00684615890988085
-16.366129195782946,0.004509248897373445
