delta,ratio
10.041991627373243,0.011802901687578207
