delta,ratio
-14.241641768269737,0.004418523316700245
-26.187418184973343,0.0004088488687693649
-19.593704198593038,0.0011329546965898063
8.086596391852481,0.0019949854439950936
