delta,ratio
-15.678548837757937,0.018404193360512522
