delta,ratio
-21.298748827025335,0.002157335409377843
63.54509711469725,0.026619643007888345
-7.413778621772629,0.0036956093534559575
-27.380547175163095,0.002616941648767036
-24.56313806097979,0.0009848705129768414
19.23685451015163,0.012024799977488674
-26.910979627512944,0.0010036299513192576
-21.054057219340805,0.004033279243619446
-27.672661870503596,0.0016508305741326104
-25.122468820310544,0.002429347265342876
16.189123605892277,0.0023167906352883796
