delta,ratio
-22.46183366874152,0.0030947255113024756
-20.36649089069234,0.01796286329386437
-16.90491941753379,0.0193756727664155
-22.77922497308934,0.005045748116254037
-15.9175970661126,0.023143164693218515
-22.900155205647483,0.005785791173304629
-20.466077562730778,0.01688643702906351
-18.813840357704727,0.013993541442411194
-13.433462261224937,0.003969321851453176
-19.759870134379668,0.004171151776103337
