delta,ratio
23.936380152295207,0.015348759780256368
23.885487444135684,0.005626768769768603
27.71108776973601,0.012585317130014982
-10.861606042088233,0.016081238555019143
-12.425649180433773,0.002230730814050275
-16.884648302470648,0.002830031629765274
-18.886074327426083,0.0021974363242883302
-16.3448811456079,0.0063925420342933244
-20.72081929260583,0.005360412851673048
