delta,ratio
-26.744092100658925,0.0014563683918522629
9.50485763597554,0.003160418482999128
4.129555719124724,0.0018130300388364904
-26.371387266512876,0.0011195212808116034
-28.065675279384962,0.0006538796861377507
-20.57441653812622,0.0010303558690655465
