delta,ratio
-13.807379828876648,0.0013738729409165597
29.295566597243017,0.0012634107949132181
-21.7568671498747,0.0011943719536611297
