delta,ratio
-20.478613968597728,0.003789929615592853
37.81769788947884,0.1546291283161884
-14.518494920978679,0.012127774769897131
