delta,ratio
-3.7260173865720176,0.009413806916811323
18.164678005729158,0.007077046334624116
