delta,ratio
-1.5146150945010177,0.00033049110978914666
-0.4999092121480757,0.0013219644391565867
-16.77673713958073,0.0008320599705279693
4.786900975844652,0.00037714867822996736
20.094223931098682,0.0036898360375282376
-17.9632697614151,0.001232537432978347
78.33661830208342,0.0026517051397199768
60.41826822276032,0.0011858798645375263
21.218448182879,0.09931452255699028
-28.787013284546266,0.0008592768854517813
-34.056677940636625,0.0005365620370694381
