delta,ratio
96.60452347592069,0.0019054161248906226
