delta,ratio
0.3216122292238026,0.001147380857933776
14.708848908282036,0.0013051990428540352
