delta,ratio
-19.696164518923602,0.003606719367588933
-20.754737971923127,0.004298418972332016
-22.803013833992097,0.003952569169960474
-20.026913205061277,0.007855731225296442
-21.563976400837014,0.01847826086956522
-15.724752964426878,0.004545454545454545
-22.79511909714999,0.0037549407114624506
-21.29895479340169,0.013389328063241107
-20.777920201033293,0.026383399209486166
-16.387727209788274,0.007756916996047431
