delta,ratio
-28.196908810724846,0.0028031082567505235
-24.178006423502012,0.010573750133058937
-23.844173729350523,0.003974026895646312
-23.85600217867897,0.004151438810630522
-26.04403636671316,0.0023063548947947344
-24.07334039601719,0.006706170386403151
-24.649991701700756,0.0054997693645105206
-5.904091973756721,0.008835113366213674
-18.79743003187153,0.0024128020437852605
