delta,ratio
-24.057454663749773,0.00461986542131164
-18.82694975491387,0.007783468916340263
-23.588145200834173,0.0034146831374912124
-16.9772548987674,0.0055739680626694784
-23.067344988857492,0.0055739680626694784
-19.528190449702954,0.005222456563221854
-21.262073634352,0.022948679321080648
-24.75570940961628,0.003565330922968766
-23.145608274169234,0.022798031535603093
-22.133541620271515,0.00346489906598373
-23.53951654691862,0.008185196344280405
