delta,ratio
14.626527154779794,0.023740378379902446
22.29157479722935,0.024529844644317254
14.50309043931101,0.057955282375165645
-23.06304600794595,0.0028054247610454787
