delta,ratio
-13.78559440330492,0.003601361969617601
-21.38664335435387,0.00042561550550026194
41.15892031474686,0.006294198533263489
46.670988668795395,0.0026109874279727605
140.25667500611777,0.0022426663174436876
10.561158843448332,0.0006875327396542693
-22.784079251789766,0.0010190217391304348
-13.521744715086996,0.001133610529072813
-28.14204312699502,0.000830768727082242
37.55376033843263,0.042078640649554744
-15.315525792670265,0.00043380041906757467
