delta,ratio
-14.924230466856926,0.0022436415199325113
-21.30992118850641,0.0008705329097338144
68.91335004161765,0.016943980758530326
-23.145918540251422,0.000978227702690575
