delta,ratio
-28.045890883671717,0.0028611373020775758
-27.802204014984845,0.002340930519881653
-27.893935281134716,0.0027961114543030856
35.31035637148858,0.06730175244659753
9.417492954712124,0.012875117859349092
