delta,ratio
-37.73372612692277,0.002044876754725323
-39.570378568838365,0.001575107770531668
0.48834307603815574,0.008676909472753399
-37.909852253048896,0.003316016359014038
-36.572495931209815,0.0016027412401901182
5.160102777867351,0.016386647507461036
-37.798251252423505,0.014728639327954018
-38.49959413110853,0.020697468774179287
-35.765649354498166,0.0019067094064330718
2.6096872332508934,0.0016856416491654693
