delta,ratio
-10.761871741954288,0.022291247944454595
