delta,ratio
-22.216094265300868,0.006316571711667079
-24.294525637849887,0.0031582858558335397
-23.2088113521356,0.008669804310131285
-22.958861302185554,0.008855585831062671
-19.35285897118322,0.007431260837255388
-15.794525637849887,0.0038394847659152837
