delta,ratio
-28.275791077286105,0.0022559793148028444
-8.578741592271001,0.0016742081447963801
6.684471460696585,0.01817065287653523
48.71663701767309,0.005281189398836457
8.407744894215483,0.0033484162895927603
-22.44773272080412,0.0008468002585649645
-23.009095022624436,0.0014285714285714286
-25.857606664239523,0.001687136393018746
-2.1496404639851647,0.001182934712346477
