delta,ratio
40.88482073706201,0.01856433070702451
