delta,ratio
-7.832418739763064,0.0018671560198136694
21.702466022429533,0.001969817519184868
-1.7165874801351464,0.0005582219028308908
0.4860397776645229,0.0011228601493724817
