delta,ratio
-20.605568820526663,0.0014501966705073703
-20.686698692035637,0.0025626763081568597
-20.972110954192086,0.001311136715801184
-18.717412066581808,0.001569390917398387
-20.960887609635407,0.0016091223330287258
-4.375806251448488,0.015117803647343955
-16.26966092195482,0.0037347530692518572
-7.787848979607531,0.0024633477690810123
-16.618575600656733,0.003933410147403552
-17.243196190794563,0.008065477372958799
-21.031875263956394,0.002145496444038301
