delta,ratio
34.52707062850095,0.09499898839412164
