delta,ratio
25.269613739641812,0.0562015503875969
