delta,ratio
-19.72923456247191,0.003975575470040415
-19.765400856896107,0.0061939905113336845
-31.88689330216284,0.0015155508697944123
