delta,ratio
-20.934354100668777,0.0024639211545230554
-20.009354100668777,0.002859908482928546
-23.76998402192862,0.005587821189721929
-26.496038173775826,0.016851460753255897
-23.07164918263599,0.002683914114748328
-25.551459363826673,0.008359732488560366
-25.809354100668777,0.004619852164730729
