delta,ratio
21.278574183484963,0.002459669971754339
10.821466774764652,0.0005586063672116082
-4.613186416430139,0.0010496393835508445
-6.455315383737933,0.0007297921894216171
-1.7789203220095402,0.0011262225145395326
15.347547763096841,0.0004234596654668643
35.31469041624549,0.01342457237331123
19.00239409879424,0.0038111369892017783
3.2070419421414016,0.0011937958654119046
