delta,ratio
79.30029725662015,0.016843521527213648
