delta,ratio
-2.0810721150940523,0.0005986179982559494
30.564863509564972,0.0008115878630200853
57.29137164255711,0.011031263400553146
-12.24577127731797,0.0011627003427663635
4.462068720331644,0.0009698762760204566
-4.43059608509995,0.002627587655806163
53.55851512693221,0.0005899840848195656
36.14633936231742,0.001450497457312493
-19.202210818909926,0.0007310046709471691
18.635740608047783,0.000682079161474327
-1.0358516451873925,0.0006878351037652497
