delta,ratio
12.651964343132853,0.0004801063620248178
22.55131895677318,0.00020107018580526557
38.28560805647365,0.011378931127306152
