delta,ratio
-20.973144555204314,0.011076823128146824
-19.63304786026891,0.002403768068864707
-21.600348494236208,0.0026311515348383953
-17.346542273409966,0.009192788695793406
-20.009214936435985,0.003573168751015105
-20.89176625608408,0.0040279356829624816
-19.65466948189053,0.001624167614097775
