delta,ratio
-18.013506177664862,0.014070744576900527
-16.121600697524087,0.04318936877076412
-14.266693791508214,0.011921047488762947
-18.89128395544264,0.015634160641000587
34.321508341668775,0.14207543482509283
