delta,ratio
-26.244076260606445,0.002856598743096553
-23.305428917611273,0.014600393575826827
-22.261834197114382,0.014219513743413953
-23.94426458452358,0.00749063670411985
-21.12993484646503,0.004189678156541611
-23.407191953619044,0.018472671872024376
-21.521617631764837,0.005967117374468355
-23.502409593939777,0.009141115977908969
