delta,ratio
11.091904169535951,0.003287646888953062
46.77715936802366,0.0029377790612435304
34.636949214580994,0.0012328675833573983
-16.096620420627982,0.00101628273763245
-16.35387896299417,0.0009218739587267032
51.22040658499489,0.011495657196170336
-12.705830458295765,0.0017160183930515138
-28.596407518775738,0.0008552324677344115
