delta,ratio
-28.275890169063466,0.03719229397074563
-18.59496776413027,0.049946485907955765
-24.81303254818343,0.007670353193007492
-27.104831472844957,0.032019265073135926
