delta,ratio
-24.329425788918236,0.004831662811616551
