delta,ratio
-22.33026719084413,0.003511397651393046
13.32494169334413,0.007137923094635045
-15.60459733793937,0.01905364955100161
5.8325750844144295,0.002446465576790237
