delta,ratio
-18.385015791184806,0.0033440156054061585
17.84490590903891,0.02491291626027588
8.486604255435243,0.01593980771910269
-19.89248556665976,0.010756583530723143
