delta,ratio
-18.992669393043116,0.005143099171053427
-14.200457296937065,0.008592000968112785
-21.413542258318255,0.003751437042415441
-19.192951182405565,0.010104677194893205
-20.489483118533308,0.0029043383554184063
-19.540527932229182,0.04005566648514552
-21.692134633684823,0.0033278876989169238
-15.908069260855408,0.026925636836691476
-21.004143612360473,0.0049010709747685606
-20.68273024497009,0.005264113269195862
4.6218907400232485,0.0035094088461305743
