delta,ratio
-3.1228215921615146,0.10392979735200539
6.602301258282189,0.019763026149231946
-18.63398153897655,0.0014311943345231442
2.631463995956885,0.002337807478703144
-21.607659083135175,0.0009864407166235217
