delta,ratio
-30.734282128825118,0.0012952202773930093
104.26997850800726,0.005642603152901953
86.31159802098762,0.01440932558599723
-22.181006491378625,0.001193281644450041
-19.312059906602894,0.0032380506934825237
-15.0978623757387,0.004857076040223785
