delta,ratio
-19.041015704407886,0.0021294521752816893
81.50341929080845,0.003786721476913961
23.35601986871464,0.002036867298095529
50.21648333889375,0.013674786360395893
