delta,ratio
58.55156436036806,0.08930228410765985
-22.521950643064983,0.0012622920213670092
