delta,ratio
-30.64129002211745,0.00682490001738828
