delta,ratio
-9.727687346067754,0.0010006279450879888
21.847644087459685,0.005886347044318629
-8.311517959339739,0.010144121055560376
-2.6744879413058484,0.001960413933233611
0.68543401532947,0.00162857303307688
37.78191031279789,0.08822373224013029
-20.322925441305852,0.0010108384343235806
