delta,ratio
2.8272792664106206,0.002532389575308889
153.06258019233655,0.002000900405182332
