delta,ratio
-17.875743931509874,0.003089176715795742
-18.52174729982183,0.0017306833407771326
-23.636605559841378,0.0012282268870031263
-22.246075256811075,0.0014887598630340926
-22.771075256811077,0.00208426380824773
-19.63555545483088,0.001879559327080542
-23.576222315634606,0.0025308917671579573
-23.16690859014441,0.0022331397945511387
-17.866594124735606,0.003945213637040345
