delta,ratio
-17.694975902180783,0.0032941869651967807
9.620834309145039,0.21662627047149724
-24.382583687349545,0.0026514187768657015
74.93872898690431,0.008878235601323031
-25.01868150765789,0.001526574447286313
-23.41786608882913,0.0019015225571461093
-24.60289203397368,0.0012721453727385942
15.934299426700022,0.00322723194557896
