delta,ratio
-29.623233322241386,0.0032218151433346187
39.95876704500176,0.05859525645969919
-30.04848474766843,0.0017113382182799845
97.11121067979835,0.014341496336290012
-17.422494710754833,0.0010525131765008356
113.53641540283587,0.0016792004113639284
54.64868408957536,0.006612353772978532
-5.150522902523484,0.006074045507134593
9.661642350779317,0.0022014397737498393
