delta,ratio
-26.532955315270804,0.0029709974062721058
-20.43318207264042,0.0069323272813015795
