delta,ratio
74.95502902180084,0.0009469722591240777
-12.068723129662153,0.00044913541432741973
delta,ratio
74.95502902180084,0.0009469722591240777
-12.068723129662153,0.00044913541432741973
