delta,ratio
47.851293840629495,0.001012253931129009
21.169135760005943,0.0008016296659562027
58.26978935477719,0.0007073202934907671
14.142011576999408,0.0010185412226267046
99.56653264979634,0.0018233145343317552
