delta,ratio
-15.115718750050036,0.0007430496520890401
9.200276605751952,0.0024589905859387297
3.756670700742191,0.0015459210982021977
6.940180278841936,0.0026541985453858506
-21.400659668619248,0.0009980794055602783
