delta,ratio
32.784028492194835,0.019468904788112272
