delta,ratio
122.12290832952351,0.0020418625261749397
126.70081340317327,0.0005647704859632813
30.606174132029473,0.07904614609309156
