delta,ratio
36.0286943682534,0.0167611372803197
-25.13943680074302,0.0011187852716666598
-12.23463325050487,0.004685687392404645
54.88728655976095,0.0034967200188253168
-27.60248656637581,0.0010692449644341877
-2.392221255193064,0.0013499733720848625
