delta,ratio
-27.761015452952908,0.0006740782391103482
-24.748282142521212,0.0007003837313683131
-21.98147061661235,0.0008845221771740668
-14.79728243800038,0.002821264044666726
18.245919385052183,0.0008812339906418211
-3.2387612490444084,0.0005293980316915418
1.8171393720736049,0.0020419638365245184
-23.237208454013352,0.0012100526438663813
-27.91912573319611,0.0011475770997537147
-28.37281073484015,0.0008023175138679267
-14.746418543625033,0.00043075243572417377
