delta,ratio
72.35687462036364,0.0005892611617373085
