delta,ratio
-40.93746148404993,0.0016204702901986313
7.926350932885697,0.0016275465796754813
-5.1185003256955355,0.005377980002405938
