delta,ratio
44.75422993406946,0.021795144552395812
48.18716838045556,0.039689856511358534
-21.780363148367073,0.0016232103318125587
-10.463925250810995,0.0005712754808563617
-5.8253341503216305,0.002387537526889346
