delta,ratio
-16.755269720182376,0.0036948705440222594
0.9981315886275652,0.023235225034780566
68.58443811261535,0.11372793466673894
7.123734730949209,0.001409290476448588
-17.169951974502197,0.0021500713679151536
-3.0581341248326837,0.009142320270294687
-22.965128060203654,0.0011834426436843912
-22.71985501264053,0.0011744087303738233
