delta,ratio
-25.0742249906523,0.0040832455216016856
-10.303559668071657,0.004214963119072708
-18.75384375898075,0.005795574288724974
-21.412934668071657,0.0027660695468914647
-24.03318783262862,0.015608535300316122
-22.54234643277754,0.005597997892518441
-24.173804233289047,0.003029504741833509
-22.765875844542244,0.015674394099051633
-22.60559521853037,0.007178609062170706
-24.771042776179765,0.009747102212855638
