delta,ratio
-14.827918688866497,0.00952745671447802
-29.90546000107458,0.00294759318572158
-17.359596951233293,0.0022164972380819756
