delta,ratio
-23.420916887952878,0.0038458016665140556
-19.33176960113117,0.0026249122485730854
-20.01952072739441,0.002914873485334066
-17.884193724111068,0.0036016237829258617
-21.927089727459048,0.0037084516069956965
-23.982320396724806,0.0017397674205658822
-24.061267765145857,0.002319689894087843
-19.495916887952877,0.00366266825382291
-18.505391773797623,0.0022281231877422703
-21.536563146456277,0.0037389738424442208
-20.60854163845188,0.002548606659951775
