delta,ratio
51.45447962960663,0.07050900095697235
24.209446552355253,0.009533611396999079
