delta,ratio
-3.5938108767338335,0.004916539035691437
-36.84290745409495,0.002477656501424943
13.676539502876238,0.0012679087260813091
48.18327504848209,0.02980942595141622
-16.418676044129782,0.003605978945735833
