delta,ratio
-22.192001944205707,0.0023800603830134207
-10.759067628674707,0.011966414703484144
-23.192001944205707,0.0023800603830134207
-21.12448906709018,0.0033276770169909865
-0.28401583309459255,0.008462436917381052
