delta,ratio
-26.776624548736457,0.0020629190304280558
-18.123846770958682,0.009669932955131511
-25.53338720144152,0.008208698641911639
-26.216439363551274,0.0023207839092315627
-30.054957882069793,0.006446621970087674
-27.92662454873646,0.005157297576070139
-23.07538341398469,0.004039883101254942
