delta,ratio
-18.99606934759484,0.0010410707083970325
-3.5705051695554175,0.0009472805544873899
-32.125206772312374,0.0008488008928822652
-38.15917982649479,0.0005346038772849626
