delta,ratio
3.3240098631068804,0.0021256695859195648
-14.301039641843616,0.008587705127115042
