delta,ratio
-28.14975836206606,0.0040260287439726605
-28.981882479446377,0.016806329291699826
-26.559201631974446,0.006179485979120828
12.14460251932374,0.03923037310987313
-26.72180985708267,0.005243200224708581
2.323712439992889,0.004400543045737559
