delta,ratio
-24.317168408735267,0.011670229360448321
-24.7790711207456,0.0017717179887149267
-25.317049119697927,0.0015983977506884666
-25.010311056333357,0.0025998035703969032
-12.0994644954868,0.0016176555549136287
-20.74961810531783,0.0023879677239201187
-24.806069718221053,0.0023879677239201187
