delta,ratio
-30.490971188879705,0.0017684700407213495
-29.54413380393753,0.0025945317044793483
-30.11244967763271,0.002803955788248982
-28.624796606081247,0.0028621291448516577
-29.88771516747025,0.001372891215823153
-20.589526400438015,0.00237347294938918
-5.474816051605998,0.0102152414194299
96.71929712897375,0.0017801047120418849
-29.223533015132084,0.0009656777196044212
-28.720861953527177,0.0024665503199534614
