delta,ratio
-6.546260459346854,0.0008298324775685909
64.16950021026314,0.0008701715563392863
54.97286121514453,0.000613730269868437
2.1119234365743864,0.0006828829763324862
19.159650368405167,0.00932120855879997
69.26028504892737,0.0006771202507938154
31.17674581305458,0.001071866950192763
12.567266684717367,0.0015155968166704124
-18.05969644968502,0.0006627134369471385
