delta,ratio
-34.553891755820025,0.0016663314850461114
-27.969759634155228,0.0026527231112515683
