delta,ratio
-29.11381074328623,0.012182090190211584
-26.598606064923658,0.012823252831801668
-29.80971717603477,0.0036332549690104724
-25.110792444851974,0.006625347296430861
-27.076383842701436,0.006411626415900834
