delta,ratio
-23.05743173187357,0.004624412233319084
-24.91690167369645,0.00505187891034858
-25.978440135234912,0.002137333385147476
-22.078440135234914,0.006606303190455835
25.562725620684944,0.042668946488944155
-24.32057850001479,0.00617883651342634
-26.078440135234914,0.0020207515641394317
