delta,ratio
-25.85059876628058,0.0033066872130726507
-27.747422857114874,0.0012627478677753165
-28.072281614177022,0.0008989052618061575
-29.582506563052277,0.001744304258028615
-25.144211438738424,0.0010166190460902972
-27.311412048959628,0.000738386465055058
-26.809843803231747,0.002867935835286312
-28.78061494751035,0.0010273202992070372
-29.503905545800954,0.002504093229317153
-27.488948280843687,0.0010273202992070372
-27.444709597716113,0.002600404507367813
