delta,ratio
-24.617783612003265,0.004009790136957767
-1.1999231219778252,0.005051294068635109
-27.178660235379887,0.0033328125813674946
