delta,ratio
-31.449041773458617,0.0005667995012164389
-36.550106117919185,0.0006932393899493368
