delta,ratio
-21.447788734998493,0.005588410829580598
-5.8868859656388715,0.04779990233845152
91.4426809454705,0.045466876458141174
-20.134159633363986,0.0042862568498724975
-26.514464920035614,0.003689436275839618
-15.888197171556914,0.034615593293907
-22.20872262311685,0.01139384732244588
-27.400549204495668,0.003635179860018447
-23.918246432640657,0.0037979491074819596
-25.746817861212087,0.006239487819434648
