delta,ratio
-15.034486571174824,0.0009953577851198193
