delta,ratio
-9.345411972747783,0.019510687238046748
