delta,ratio
-31.097746036123684,0.0010789098031404574
