delta,ratio
6.363147014960731,0.07256798685891586
63.19902253539805,0.015020989231611609
-7.830555522846765,0.004526373425807629
55.26460576747582,0.007300602299689724
22.343054043337894,0.002646468333637525
-8.104948687969724,0.0018434020806716554
-9.5457956923782,0.0025004562876437307
