delta,ratio
-18.609238333680235,0.0018840236686390533
25.850944935607373,0.0016094674556213018
16.494336219246343,0.0023384615384615384
