delta,ratio
-34.818352071844515,0.0007216790406611766
15.320514354381814,0.0334938162980831
-35.69496292927729,0.0013346119245103952
-34.58914873519494,0.0035391931035164553
-34.17581666436831,0.002916374205411604
-32.63860222074266,0.001136891639397744
-1.3992767083298503,0.016084545193914168
-29.004124722649607,0.0011270056251421114
-34.85500191563206,0.0011270056251421114
