delta,ratio
-13.496032229020472,0.0050698212220937474
-26.860854541211207,0.005203237570043583
-26.782073418951825,0.0046028640042693235
15.148924208080395,0.0328648937116428
34.054239389111146,0.013141510273058793
31.869318044876096,0.06466245663968692
