delta,ratio
-26.352496691597004,0.0005360874369550234
35.238659770988036,0.0005743793967375251
-16.14309743893819,0.001553559511175782
-23.360725789687855,0.0005087360371103793
-20.45641870733067,0.000979180114438257
61.3444241820156,0.008106954913952497
-16.68286088147185,0.001980241348752229
2.4283947215720403,0.023193987068258152
-26.105977523181974,0.0011706399133507653
