delta,ratio
65.72428970266257,0.002006068044332858
90.15519173798371,0.0034202837153376985
60.21445533413255,0.0015699662955648453
18.8496093957572,0.0012709250964096366
