delta,ratio
-17.59430780716279,0.016819662422268285
-12.05167969808278,0.011134142730233935
-17.926299758873053,0.006633106307373409
-9.146537854111148,0.0113710393840687
-15.649608029549743,0.005626295528575659
-13.523702356275649,0.004560260586319218
-12.047178879752174,0.006159312999703879
