delta,ratio
-43.61378945280654,0.0006492244152395345
38.04253336903456,0.0012360939431396785
-41.57400404711885,0.0004364842113757322
13.687340490696286,0.0008069456008626982
-43.86159567951648,0.0003447858476413347
-2.5609597017347667,0.00571830996247703
