delta,ratio
13.82201084811301,0.03733192723437912
11.395448734983603,0.00661745320326918
23.356926117545882,0.04901133667281835
-2.336608949770337,0.005615607698391774
6.249885825331887,0.006538360137094648
-3.1423236205702523,0.005510150276825732
5.225798388999124,0.016029528078038494
