delta,ratio
33.846386629962026,0.009620387274980371
