delta,ratio
-24.3263180513053,0.0027201632097925877
-23.62436226899237,0.0018512221844421777
-23.83957562706287,0.003740224413464808
-24.030484717971966,0.0015112017832181043
-21.70525949274674,0.0020967924742151195
-22.911129879262287,0.002927953454985077
-20.58366390872341,0.0032679738562091504
-12.625606669191477,0.0015489818277985568
-25.068696100085788,0.002323472741697835
-24.06163225895557,0.0011522913597038045
