delta,ratio
-21.555047215329473,0.0021841397849462364
-21.52954554308867,0.010304659498207885
-20.302643369175627,0.005376344086021506
-21.608893369175625,0.003360215053763441
-20.69165198986528,0.0032482078853046594
-19.58518202896944,0.010864695340501792
-9.132734428778274,0.008456541218637993
-18.8566206419029,0.00492831541218638
-21.033893369175626,0.004480286738351254
-20.868893369175627,0.005600358422939068
-15.9816206419029,0.00492831541218638
