delta,ratio
-13.652770358193898,0.005336746275144286
-10.975812577123673,0.008186230711646664
49.18406488989484,0.16949602762551014
