delta,ratio
-22.722926953735946,0.013655715318499477
-23.945180674501362,0.006667202184914451
-24.830042703261565,0.009960639408787855
-22.67984866979079,0.01068358904329665
-21.718909737093192,0.00988031167162021
-23.15939754197124,0.012049160575146598
