delta,ratio
74.54758883883156,0.007746362805471899
-22.435164223708746,0.001977794758843889
-22.83174632377922,0.0032214081299351224
