delta,ratio
16.72251174503898,0.002345682160067311
-24.390454093470336,0.0015616633946100304
