delta,ratio
37.55104036305934,0.0009322546360771092
-10.680373471003492,0.0003458733416404017
