delta,ratio
-21.601517705100314,0.02549557792009759
-21.43620264549444,0.0035986581274778896
-21.292905264908924,0.009393107654772796
-23.109666628545288,0.003903629155230253
-19.908340189696368,0.008478194571515706
-20.911860777481458,0.00860018298261665
-18.600986072989734,0.0054894784995425435
-21.781541628545288,0.005367490088441598
-21.001779723783383,0.005123513266239707
-19.83835981036347,0.002683745044220799
