delta,ratio
14.760993474515658,0.0013761114175727055
23.95539438012345,0.0035233197501645997
35.828068489639676,0.0016904816983112979
-29.606856030964163,0.0007651654002882717
-30.24228238755331,0.0005931514730916834
delta,ratio
14.760993474515658,0.0013761114175727055
23.95539438012345,0.0035233197501645997
35.828068489639676,0.0016904816983112979
-29.606856030964163,0.0007651654002882717
-30.24228238755331,0.0005931514730916834
