delta,ratio
-24.438016926331983,0.003462204270051933
-21.65468359299865,0.006058857472590883
-20.917183592998654,0.005539526832083093
-27.131876575454793,0.005481823427582228
-22.95813186886072,0.005020196191575303
-26.76840908319473,0.009809578765147143
-18.226776616254465,0.007443739180611656
-25.16135025966532,0.0028851702250432777
-23.29119152950659,0.00727062896710906
-26.21853335825687,0.008193883439122909
-27.636104358025975,0.0035199076745527987
