delta,ratio
46.958967437858405,0.059702095022807086
-28.623013630430982,0.0024219916844952167
-24.645216629277577,0.00583296330682598
