delta,ratio
-33.518169691157496,0.001900790974308664
-24.00174525537822,0.0013664672442034636
-33.65355450531831,0.001874512758073982
-34.718935576793896,0.0031095889211040354
13.626197336728197,0.0025665057855872742
19.59798685330911,0.005868801625745644
-34.24894316724679,0.0029256414074612614
