delta,ratio
57.15977354816383,0.01343372740786019
