delta,ratio
-8.916540643538056,0.01472959896785292
-13.47407041687651,0.008171164390925707
-16.92021294711515,0.008654983335125255
-18.349959463818188,0.00397806687452962
-14.594147708006433,0.007687345446726159
-18.305306114817014,0.007418557144393076
