delta,ratio
6.276048774232841,0.0013171318913258229
