delta,ratio
40.030551797572755,0.009452681474949017
27.28759747298578,0.0015432949346855537
67.80557786855448,0.00754193536533833
30.164073077217395,0.03283176247956053
