delta,ratio
-37.63286529231722,0.0018757368966379649
-33.11855850765645,0.00807460073600343
-31.438857801680516,0.0015899103219121798
53.997293437841506,0.004501768551931116
70.80166829370089,0.0848369002107971
-38.384826076630944,0.0024295258851691737
