delta,ratio
-24.108364460211874,0.0017253139670184168
-26.88365515788629,0.003209886450266822
-22.30563791650698,0.003490751514665169
-24.281907846058335,0.0037314929984351803
-16.587821824552957,0.0024074148377001164
