delta,ratio
86.96240368065057,0.003514102446060829
44.62442833494461,0.0035355860418009393
34.46427388092161,0.004450173403308473
4.591476946055707,0.000690544148789246
53.812386036964796,0.006076788509345364
