delta,ratio
43.47718268971343,0.012778300708838388
-9.79634158023675,0.0005801333154042684
