delta,ratio
-21.08369037997959,0.0012297225350188228
-30.441322967194754,0.0010742403754187416
-29.817765410200664,0.0008810655710671259
-29.51247306466064,0.0024170408446921687
-12.020528333551823,0.0009611624411641373
28.086904024866406,0.0008433729263155911
-29.427391078649862,0.002162615492619309
-31.12346951002241,0.00048058122058206867
-30.149401302568073,0.0038493613452504913
-26.896520879330463,0.0005701012518669639
