delta,ratio
-18.447931591503746,0.003062737765168612
-0.637308082535462,0.028805854665033208
-20.8491756106425,0.013298729769811078
-21.651022652489544,0.0030466180927203558
