delta,ratio
-34.16034755592618,0.0014962279306380232
-30.865970308459687,0.005071425196478352
-34.26689441086842,0.0019372214259839667
-22.40220219251766,0.0019844707290567463
-33.55317319544397,0.002819208416675854
-33.81157239221044,0.0034176995889310634
-32.982879091376375,0.0019057218906021135
-31.984303998757397,0.002740459578221221
-29.435115357783765,0.002141968405966012
-29.999935135353105,0.01382829603263352
-33.35891214922761,0.001039484667601153
