delta,ratio
21.224177852476046,0.032354886300045786
0.34221001030773124,0.007596954435230876
-21.262169815947093,0.0031371352020484644
-22.0026419336344,0.0013396415187125876
