delta,ratio
-11.121439838329612,0.003828680296035759
-0.37136633053778567,0.003279108961676559
delta,ratio
-11.121439838329612,0.003828680296035759
-0.37136633053778567,0.003279108961676559
