delta,ratio
-35.59910396181134,0.0007526377824166774
-21.863837698243184,0.0018389923174143342
-34.799407196312686,0.0007952399210440364
-21.74035584574212,0.007022252517076357
-27.71863717153977,0.002456723327511041
-34.9558921587187,0.0009443474062397932
-28.06408637306813,0.001675684119342791
-34.64762148202696,0.0007455374259787841
-35.35324918765467,0.000702935287351425
-35.69260964303723,0.001285164515258666
-35.59541589724348,0.002506425822576293
