delta,ratio
-17.75951239126384,0.0028685751272470505
-19.078810636877876,0.0013975109594280503
-18.372762908862185,0.0023684133101885903
-16.826179057930506,0.0011768513342552001
-15.581281098746834,0.0036041072111565506
-5.7219136550869045,0.0031039453940980904
-15.21120579589842,0.0027508899938215306
-15.537969450943606,0.0033687369443055107
-12.25083659217708,0.0021477536850157404
