delta,ratio
-18.21322339523773,0.011127379209370425
57.85311432406051,0.009370424597364568
-12.004222632461222,0.006734992679355783
-18.521885675939483,0.003123474865788189
-13.94228661933571,0.04138604197169351
-16.11464361244742,0.006149341142020498
-17.553135675939483,0.003904343582235237
-11.280699778503585,0.011420204978038067
-12.363277185373445,0.08277208394338702
-17.974054043286422,0.00956564177647633
