delta,ratio
-22.54824058558956,0.0034394567422171268
-6.695093732442707,0.006305670694064732
-14.502369025956533,0.009612840638504276
13.17127160953239,0.010847517417761708
