delta,ratio
-13.324053737292381,0.00442733745346778
