delta,ratio
-29.07880815680772,0.0007158862313601123
