delta,ratio
-0.8035107319169938,0.00763817708743988
