delta,ratio
-11.558886308918346,0.00255453154075689
-28.172343351583457,0.003248218985014149
29.006556775990816,0.04915271033594292
29.675469852161953,0.0031491207786916837
