delta,ratio
65.67689187142898,0.002464043221143316
5.948956925412858,0.0024731693071475508
