delta,ratio
-23.85121947804659,0.0045362903225806455
-24.61691996113838,0.008694556451612902
-23.593766903520844,0.00516633064516129
-23.481487677280306,0.0036542338709677417
-25.8185397394845,0.006426411290322581
-24.35598819526166,0.014679939516129033
-16.663837180494802,0.0037172379032258066
