delta,ratio
44.20848448678587,0.07593915648766997
38.1387118769913,0.12880271952062688
-3.099942707640171,0.0163632173311823
