delta,ratio
24.817715425507217,0.0029894175842688025
0.12547613179738448,0.0006952846225707154
