delta,ratio
-35.125623551645475,0.0008557581508845659
-31.302090177899938,0.0012455093879211007
37.38143111041506,0.05075238934454009
-33.20097176443286,0.001499694977292754
