delta,ratio
-24.775384552446408,0.002672775868652157
-21.434267336329192,0.0018613974799541809
-20.465860742922597,0.008018327605956471
-21.87432277638463,0.012361588392516228
-18.37463704414076,0.006156930126002291
-15.925241695303551,0.011932035127911416
-21.584286471422953,0.0031977854142802597
-27.35421730505965,0.005870561282932417
-21.934307526024554,0.015225276823214968
-25.699165040251287,0.013697976326842306
