delta,ratio
-11.382413160964695,0.0018570102135561746
9.186951000885013,0.012356260267123777
20.30855156185748,0.02204604433016689
-3.8863347295921464,0.002023664976311216
