delta,ratio
-21.878031670185436,0.00642859546969136
-24.759516677324893,0.0018511662347278786
2.113103328038477,0.01140991551950456
-25.41419062528506,0.009525091716872538
-21.071748947672347,0.00642859546969136
-18.69107949652816,0.005991047086937498
-24.41508645965524,0.004779374642388341
-17.42501784282606,0.005250580593046347
-24.441633902205275,0.010231900642859547
-24.85069713865461,0.011275285247887987
