delta,ratio
-12.281722301693058,0.0016057988542849905
-23.628658165287263,0.00043720223259158773
0.47580260148598086,0.029774697840139253
121.95907108040154,0.0009765545195270043
130.31583443530218,0.0024229992890356217
120.83822619458212,0.00169569090210756
125.26062919543884,0.006378249393228677
