delta,ratio
-14.634214301364654,0.00794566192490068
-12.394745610662566,0.010893246187363835
-12.285711997217188,0.007176726899910291
-14.256467690798967,0.008842752787389465
