delta,ratio
-22.795136736240273,0.002789832610043397
-23.74551429826832,0.006385616862988221
-20.92086773039232,0.003533787972721637
-25.10130056430191,0.004246745195288283
-18.629603856421678,0.003037817730936144
