delta,ratio
-32.3389675673735,0.005927120962368043
-35.962586418027456,0.010837161996282398
