delta,ratio
-20.14399846699034,0.00432385010652964
8.166974617895786,0.006579771901240757
-19.003486691628023,0.00802105527008397
-13.332625527505886,0.008209048752976563
-19.098104747183577,0.004511843589422233
-21.588003737082566,0.008271713247274095
-22.79930594838478,0.004637172578017296
-22.587675545418637,0.017358064920416093
