delta,ratio
62.95084689015279,0.00662410854990785
