delta,ratio
0.5933066728190965,0.0028301161270476043
-3.850603583591159,0.0010664205696121409
8.862322332774347,0.006111410187392653
