delta,ratio
-17.278222410602485,0.007180612346664007
-19.01260819390131,0.032113294105914035
-14.71464651075898,0.014161763239254015
-15.803222410602485,0.00897576543333001
-21.01121242308688,0.008876034706293008
