delta,ratio
-18.598465126477564,0.005389997408655092
-18.394821401781208,0.009847110650427572
-18.5127655911136,0.007722207825861622
1.247054489360071,0.0440010365379632
-20.809340458042552,0.012023840373153667
-8.076090163037964,0.013630474216118165
-15.101212379224817,0.010158072039388443
-22.12341315142559,0.007670380927701477
-19.195750194350868,0.004405286343612335
