delta,ratio
-24.58605383150356,0.003445838487365259
