delta,ratio
115.78083813258078,0.0010664482041806214
52.67853344735994,0.0007849491858182238
59.86530256280221,0.0006640489663933479
