delta,ratio
-33.886269059212964,0.0019330802755518066
-24.308059482530105,0.002302122873611697
-30.077293224920673,0.006941515534936033
-28.624128667958647,0.002776606213974413
