delta,ratio
37.73895218619145,0.0034083162917518746
-22.933392136152875,0.004747297692082968
