delta,ratio
-20.605479806634534,0.005503613818712287
-21.777830225258185,0.003912207413301505
-23.438195283928327,0.0034480472117233607
-21.6099459470583,0.007691797626152112
-22.992129855104277,0.005768848219614084
-11.076656822389864,0.05603076719050461
-22.57822515696791,0.006829785823221272
-22.065785027518068,0.024865725084543464
-22.8599459470583,0.007691797626152112
-24.50826904578291,0.0048405278164577945
-20.184815330548375,0.010940919037199124
