delta,ratio
2.2361801664104703,0.0028419447234311647
33.92701544089429,0.008845738942826321
