delta,ratio
-20.692651387720773,0.001524390243902439
-20.006797464288788,0.002225259321558733
-16.48691392032002,0.0020850855060274742
-14.853929323363197,0.007867255396691898
-20.752283225937003,0.002330389683207177
-19.008711589664,0.0031714325763947293
-19.05554137130041,0.0007359125315391085
