delta,ratio
-11.357631882530054,0.003639231996557968
-11.695491910045254,0.001989924884817411
-11.707688722242066,0.0011652713289471326
-8.384927921399074,0.005234757354654811
-13.901145839837115,0.0015596708556677005
-14.611454747883093,0.0034420322331976836
-13.81289964035621,0.0011114895753034186
-2.1821392716926162,0.002007852136031982
-13.827600581216425,0.006884064466395367
-14.324996414549759,0.0012907620874491315
