delta,ratio
16.504950972182208,0.0015195097990713322
39.175593980044276,0.04377601718812945
-5.596437561764468,0.0038588481408974294
