delta,ratio
-29.346151693736896,0.008002686216352342
-29.43852806736327,0.012535676310929543
-27.957873305458506,0.0023504393082992895
-29.5671170029375,0.005708209748726845
-26.5498938974791,0.01035312552465163
-28.516227282887627,0.01936314287313224
-26.23247648006168,0.005036655660641334
-20.875166538541215,0.0063797638368123565
-25.691965172293735,0.006323800996138564
-26.916726749748847,0.011528345178801276
-25.066716842873475,0.005484358386031675
