delta,ratio
-12.912964224647055,0.0006092131777496602
50.0291492174664,0.0015464642204414453
delta,ratio
-12.912964224647055,0.0006092131777496602
50.0291492174664,0.0015464642204414453
