delta,ratio
-15.288830222354429,0.0016118836915297093
-19.78025179098188,0.0015170670037926676
-17.58323979759892,0.012737041719342604
-11.312989886219974,0.0035398230088495575
-20.937989886219974,0.0035398230088495575
-14.819763285234753,0.0073324905183312266
-15.609418457648546,0.0031605562579013905
-15.028649226879317,0.006573957016434893
-20.605572303802393,0.0028761061946902654
-19.662479682138343,0.006194690265486726
-18.169057011865412,0.0026232616940581543
