delta,ratio
-26.97654367857369,0.001644475094159461
32.38767953454595,0.0018718218813704465
-19.089052658616094,0.00398614700243261
11.323799769822102,0.00160658396295763
-22.61772353761408,0.002061277537379601
-19.615501494950863,0.0013792371757466448
-21.67576452509341,0.0018869783338511788
