delta,ratio
-43.5583014386936,0.0008341675008341675
