delta,ratio
8.398584799565867,0.0025278270463528064
