delta,ratio
-13.101219135130847,0.00162272194803449
