delta,ratio
-22.627818589875698,0.00591175036567528
-27.176948744514874,0.0039005363237445147
