delta,ratio
17.51231732444205,0.0016055534829185099
73.08597383954044,0.012967675744816927
14.96372019194537,0.0019020146032084422
14.646684601044555,0.0024383094387891062
18.987989391185238,0.005009859830517508
