delta,ratio
-14.730045396608585,0.001977655957254875
-15.531799782573497,0.0020817431128998683
-13.01513311590683,0.0029144403580598152
-15.589375540149256,0.0019082645201582125
27.22404110362993,0.04593713135799042
9.259340242209653,0.0373325931580043
-3.7816347660718463,0.003504267573381445
-2.0293175130699517,0.006522795087086254
-11.20615875693247,0.002255221705641524
