delta,ratio
42.10076022646235,0.0018957766309499393
5.564653361790299,0.0026718255442043006
