delta,ratio
-37.790706362087754,0.0006396969125945909
-37.156559075266046,0.000991778159061381
-37.498262371969346,0.0009025181247458568
-37.71489240859938,0.0007438336192960358
-37.566776466570396,0.0005702724414602941
-35.04530907526605,0.000634738021799284
-35.51006971356392,0.00046613573475884915
-36.9297748429009,0.0023901853633379287
-36.21641056041456,0.001001695940651995
-37.472214345921316,0.001740570669152724
