delta,ratio
-36.91261360339148,0.0021465749781543254
-35.9376971174277,0.00286843205045401
