delta,ratio
36.28370586458814,0.0022912991463389905
-25.526903604938376,0.007178052192955776
26.17907995951977,0.09814060060425411
-23.262363890747615,0.002412961047914512
72.89865556978233,0.005758663341241357
