delta,ratio
-19.669242318757295,0.0016576234100628793
5.027495269895184,0.002077554673945475
