delta,ratio
-25.68411565393506,0.004819159811127878
