delta,ratio
-15.450863184320255,0.0010079487604782015
-18.53991492760251,0.0029090166758105056
-4.69584354224256,0.0014800260280439415
41.94718517559666,0.012363320872194649
6.0801598495041915,0.0015565790984600075
9.867168819501096,0.0033810939433762456
-18.44826055803373,0.0013651964224198425
-7.2011030965809155,0.007068400168416755
-19.624758183282694,0.0007782895492300038
