delta,ratio
-18.822340893087524,0.0036408589040167988
-24.23406035838692,0.002150646887488993
