delta,ratio
-28.522780350230715,0.0013091226453974642
-28.43062348748562,0.002060656015903416
14.653316856878462,0.011139663991854348
-27.196984705339595,0.0024121796892045866
11.28335633038295,0.005794079856481369
-11.211584421477532,0.007939586414216103
-11.589740272029346,0.004133433537782734
-4.584183859002643,0.0016121602947950253
-28.44238819336797,0.001030328007951708
