delta,ratio
-23.017774743913158,0.0010779774872912127
-28.09458839967418,0.0020992193173565723
-19.898192003277785,0.0012595315904139434
32.51949180956731,0.001407044299201162
-25.183551254154278,0.0023034676833696443
-28.733878435979143,0.0007602578068264343
-26.062110158721367,0.001338961510530138
