delta,ratio
-25.261398946152884,0.0022929227072604336
-8.940898681250097,0.0014578006988652597
-5.013034626935976,0.0055088750027471114
26.152359819043575,0.0016922209117481155
-28.580584451875374,0.0011574498011091006
-26.15219975182034,0.001347916224076421
