delta,ratio
-10.490620672500398,0.004909913756297498
