delta,ratio
-25.034066062256137,0.001752971734930201
34.14565844178249,0.0020408685527107083
31.84560580430616,0.07696441595332233
10.14442542192878,0.0009596560592683583
-3.749521408337074,0.0031284787532148478
-6.591975758012225,0.004337645387892979
-9.91459418591436,0.001740176320806623
