delta,ratio
-0.27756798211021305,0.0009248685837242004
delta,ratio
-0.27756798211021305,0.0009248685837242004
