delta,ratio
120.34249267400338,0.0028995820967839623
132.38231447100534,0.0010826115922718189
51.5181352154132,0.01516413300224093
