delta,ratio
-6.655898125286704,0.0008684789346658402
-1.796283471971961,0.0010793053427187796
-17.02185854609153,0.0018596777187953315
