delta,ratio
-14.496246112536156,0.004818443519193466
-30.336968109837102,0.0018779574741471972
-33.229536472083495,0.002211542025475976
