delta,ratio
6.248022377943229,0.0014194769442532691
3.509615840660288,0.004593943565037853
84.6537581161078,0.01933929800412939
-29.61276429675073,0.000649518238128011
-13.976871101280956,0.011471954576737784
-30.429235347829348,0.0008688919476944253
