delta,ratio
-30.31066819926627,0.0015931797744057439
-17.954437538225484,0.005034448087122151
14.31136534371067,0.0030022587748801573
-33.56897229283352,0.001076281447598547
