delta,ratio
-30.35249306056123,0.0009105049508706703
-27.942002647581877,0.0010717402025873515
-30.784069857946847,0.0029022345309002618
-30.871838298656463,0.0006639098600098638
50.38563678440001,0.0016313213703099511
19.13009220327404,0.02456466482036496
-22.108743060561228,0.001138131188588338
