delta,ratio
-1.361907841446481,0.005445571745800083
-15.46955505341915,0.0025187730985617098
