delta,ratio
-29.031019673699653,0.0015319521447330025
