delta,ratio
-28.445092540307186,0.0028720009455147147
-28.15501286252065,0.001110979789622976
-27.679020913124447,0.0017492022219595792
-11.641570672185832,0.0030492849544971044
-26.038551496339238,0.0024701571918212977
