delta,ratio
-4.520399761863722,0.02158233156276209
