delta,ratio
-6.192245167456896,0.006162514305836781
