delta,ratio
-36.946408344374944,0.0015406896126706313
-1.5501921281587272,0.0011401103133762672
8.45984565775953,0.007218130835361908
-36.0532300498013,0.0009937448001725573
-36.73085278881939,0.0017332758142544603
