delta,ratio
-26.882349414818187,0.005237104526867063
-28.66110060946616,0.01233947915919363
-31.10259770248942,0.004591434105746466
