delta,ratio
-17.68532623746994,0.012057648401826484
-10.699154382568988,0.006563926940639269
-21.297195708440704,0.007206050228310502
-21.250784817351597,0.012557077625570776
-22.607927674494455,0.007990867579908675
-9.826940279536473,0.008490296803652968
-22.388284817351597,0.006421232876712328
-17.98373936280614,0.01569634703196347
-17.8114732231487,0.014768835616438356
