delta,ratio
-10.404334113973459,0.024395003903200624
-9.830831223800049,0.03376268540202967
-11.221343122982468,0.021662763466042154
-7.900368302007646,0.04566744730679157
0.6285749769356315,0.00858704137392662
-6.189735243916962,0.03454332552693208
-3.356478258117603,0.04332552693208431
-12.658280059919404,0.01444184231069477
-12.424368497927613,0.06811085089773615
-9.3813481984805,0.013856362217017954
