delta,ratio
-21.04469448430727,0.0005151565207896454
-29.79595972470294,0.001058310678578728
2.5548766556882896,0.023019657140937306
40.717463454162484,0.0018086473501636462
