delta,ratio
-24.745477081900688,0.0016639923931776313
-25.784481628442922,0.0039420772171708165
-27.90587808440695,0.003011033854321428
-25.13890893740151,0.002872367821556625
-21.903149039572643,0.002674273489035479
-25.215257301680907,0.0030902715873298865
-22.3269307159859,0.001505516927160714
3.9724454092914954,0.024900457597908123
-24.798903330448887,0.004873120580020205
