delta,ratio
47.80635856377019,0.0046538107972589
119.02858078599242,0.0012692211265251546
110.04002859744024,0.0017236336286144075
-0.8804369273731254,0.004324753468159786
