delta,ratio
59.076356605889806,0.006422754903085216
-32.753621749088545,0.0012511860200815357
-32.904812225279024,0.0014597170234284583
