delta,ratio
-25.903860372415238,0.018650229176544967
-28.033005545591358,0.003635214161529951
31.731101762456746,0.05942784890153311
-27.106628733997155,0.005926979611190137
-26.398808221176644,0.008218745060850324
