delta,ratio
59.15972235233683,0.01573963910370811
