delta,ratio
62.16485857348966,0.061783925995077656
-22.234843807462727,0.00162946618008996
-17.576364410168754,0.004599847237545617
-26.64585571222463,0.00475260969192905
-27.703593807462724,0.00162946618008996
-29.791287605912338,0.0014597301196639227
-29.43369680371741,0.001510650937791734
-29.25438581848201,0.002053806331155054
-30.056569997938915,0.002376304845964525
-27.645345508143,0.0016634133921751676
55.5101898101898,0.0024272256640923365
