delta,ratio
9.38326456484645,0.001281016886775093
