delta,ratio
16.135796077699766,0.0003395548545390817
-25.365770742576743,0.0003833683841570277
-13.495089638839403,0.0008959866806869961
