delta,ratio
-11.8784237451965,0.006874602164226608
-11.804349671122425,0.01222151495862508
-17.61442719050227,0.00547422024188415
-8.041665934754478,0.08949713558243157
-14.296506533867523,0.010821133036282623
-4.2421350592502804,0.0743475493316359
-14.966796928506392,0.010057288351368555
