delta,ratio
-3.064548384998652,0.0037076026097820555
42.239910109130584,0.000989079635370876
8.158182642751235,0.06159478969043543
