delta,ratio
-29.34738569588795,0.0008248962367365368
-28.289913891376674,0.0019450184950419395
-28.48806952224216,0.0011895872045569005
