delta,ratio
-10.97907960405157,0.0018325571729499448
-9.941591319140603,0.0018703418569282941
-20.607945583433015,0.0018325571729499448
-20.529951557033552,0.0010107402964208458
