delta,ratio
-37.526560462381035,0.00826919552867876
11.442278273627437,0.07307128458860179
