delta,ratio
29.073313592296174,0.0022443322278330527
18.05645664697765,0.006205245293290891
62.06742221368464,0.0018999050047497626
