delta,ratio
-29.618080960150532,0.002644419222353533
57.46407397034164,0.030293811356961492
8.236441924564957,0.002585914372301464
