delta,ratio
-17.35979182488198,0.00500878276143933
-36.61354749381622,0.0025565662011513245
