delta,ratio
60.74440405182803,0.001405844438096894
25.547244939174774,0.0006880192744749817
