delta,ratio
56.54291484092445,0.0056596464374462615
17.35568359693194,0.0011432674773472415
24.753802719188982,0.0010046896013051517
18.677826184634682,0.0007590288210487196
40.89777113901948,0.0009354006632841066
-7.0238494383388,0.001152715968895566
-8.701583994233957,0.0011149220027022685
-4.465865224616891,0.0014456192068936194
-12.802086767260448,0.0020597711575346994
