delta,ratio
-30.425699969711673,0.005474696221124315
-28.664919481906797,0.012518360261717185
-19.197432302419617,0.003905728401655762
-28.306212411199724,0.003304847109093337
-26.595764466709227,0.010982774736279876
-28.093135698123014,0.0024702897583121913
1.0047373228269336,0.01128321538256109
-28.52729542175642,0.013319535318467085
-29.226125831113144,0.004206169047936974
