delta,ratio
-22.7140328168636,0.0031814649310277832
-22.074329485843474,0.004274334563823586
-20.79836090744201,0.0036186127841461046
-19.07006812220711,0.003108606955508063
-18.465941213810165,0.0063629298620555665
-22.10255820157219,0.0030600349718282495
-21.59137494038893,0.00320575092286769
-22.364252724856115,0.003667184767825918
-21.938777537791527,0.0018700213716728192
-18.288625220972545,0.003934330678064892
