delta,ratio
-20.846634403425647,0.003771251931993818
-23.327137347878935,0.006367851622874807
-22.112545685971455,0.008408037094281298
-21.137709084664266,0.0055641421947449764
-23.203291740490823,0.0025347758887171563
