delta,ratio
-29.749354813196085,0.005098513653646734
-29.76962732898206,0.017628759073625995
-28.520890720936784,0.004191151054268925
-27.669232981298855,0.02320255789837539
-30.170117525060494,0.0017283097131005876
-26.82450141131642,0.009116833736605599
-30.498714647362654,0.006005876253024542
-26.234843552457754,0.006308330452817145
-28.682617525060493,0.002073971655720705
4.351534811077071,0.0026788800553059107
