delta,ratio
18.18830584475178,0.0023334062027734743
27.497136331698883,0.22235792835349916
37.566897780453075,0.010626265314463316
86.65232395148118,0.0007793861858550912
