delta,ratio
-27.347301608625145,0.0025410284847889263
-16.30359958648923,0.017015063666100432
20.102943595918894,0.006247279976414763
