delta,ratio
-23.338925358408588,0.002120376821252234
-25.66662036279071,0.0024687244418865294
-11.846068215551448,0.002726198770181444
-13.162333275792413,0.0025141610880562203
