delta,ratio
-20.67387188508362,0.0015088073279825728
9.354070258243134,0.002410520583167424
-1.7649773608044796,0.0016873644082171968
