delta,ratio
-22.911229376339982,0.0019118492301176755
-12.061811135665693,0.005015579151163143
23.943054525412272,0.01816861784190943
39.989267831731034,0.027540309162960946
-26.525561303203556,0.001361285053090117
32.33214531967548,0.004912726502707444
57.296974820363964,0.08095108449042562
-21.884312863752868,0.0010769277308890705
-14.400782003355761,0.0008833227455606982
