delta,ratio
7.1327998448270264,0.004964168065993155
-18.14885482858645,0.006432313889577082
29.77915251687898,0.009965039777575908
40.792191621880605,0.13174773584386268
-17.681745467713654,0.005211917673722943
90.3552528649478,0.008671236270542572
