delta,ratio
-23.00290169851582,0.023523663269579786
-23.70363314307157,0.02191819070221974
-21.077698498928672,0.006421890269440179
-22.042091302526874,0.010121457489878543
0.45543089445846263,0.023314253804271955
-21.348270427729375,0.010400670110288985
-20.298490710185007,0.011377914281725535
-24.91644179851176,0.005095630322490576
-24.83650422264909,0.01102889850621248
-21.24336300710012,0.0098422448694681
-25.667851951614097,0.009493229093955047
