delta,ratio
-9.68899005772153,0.003185771042694252
3.2951530449186848,0.002127947453228207
16.98753021254874,0.0019680438873786884
-3.836216231263492,0.004323546415085057
-13.141716303130703,0.0017650893614927614
-23.069740195614525,0.0015067836012743084
