delta,ratio
-16.343413667877186,0.0016605354588187205
-16.023119891302002,0.0050837931739219295
-14.048221360184879,0.005313713468219906
-16.262825128899387,0.007612916411199673
-17.710522421192834,0.0022225628448804416
-11.555024698356142,0.0027079501328428368
-2.5924266018458724,0.0057735540568158595
-7.538427912891432,0.0027590435315757206
-18.04655338530262,0.002503576537911302
-14.190713176878823,0.0024013897404455346
