delta,ratio
72.90486410198312,0.004629690520971709
