delta,ratio
-22.758781430591803,0.0005727146364190786
-7.730926155962337,0.0003838735941403553
