delta,ratio
-0.9667559812562274,0.001021759054957738
26.063931707181155,0.003523541192844292
-11.257663520009991,0.0015852540819443974
29.106270513859144,0.0028548151668420516
25.26906437658711,0.001126990053973319
7.833207907231419,0.001561492243457008
10.565816602883594,0.001171119182592756
-13.959189680102078,0.0005872568654740486
43.482703463320775,0.0012288265046335586
