delta,ratio
-12.174624194303812,0.0018846042331110468
-13.242958772347128,0.003732966077123804
-20.766032785712405,0.005581327921136562
-19.80637542179972,0.0034067845752392
-13.317980837660455,0.012358654682516672
-21.527347228845027,0.013155987242679038
-18.92404144372106,0.0023919976804870975
