delta,ratio
-21.05527495653765,0.002744990392533626
-20.22572169193284,0.004437734467929362
-17.91588101714371,0.005032482386311648
-20.091549466341576,0.0015554945557690548
-3.0528940041566983,0.009607466373867692
