delta,ratio
-16.1584419030534,0.006727211570803902
-44.93124383542055,0.0010315057741899316
-44.651270185881685,0.0005755503232798894
-45.548239882851384,0.0012333221213140487
-44.79436782897933,0.0008072653884964682
-14.503509072664947,0.02509997383862167
-45.1629355117063,0.0008446387861120455
