delta,ratio
-18.67568443302492,0.02329962324013484
-20.57149262610209,0.013285742613523697
-16.397806263395076,0.007237755304382312
-20.529531153189833,0.028653579218719017
-12.105471667067475,0.009319849296053936
