delta,ratio
47.9186593625733,0.008286429018136336
