delta,ratio
-29.645145766446404,0.008651720871487212
