delta,ratio
19.007581166201845,0.04096039865604591
