delta,ratio
-20.304130575687935,0.0027497888554985955
-32.990550328774354,0.001590949266395616
-31.203195996248684,0.002101624339559641
-32.63489980645717,0.0015320252194920747
-29.255481927039288,0.0029069196472413725
-31.364307566838377,0.0022194724333667237
