delta,ratio
17.374646525102115,0.0004886738023550924
-1.7078173401223466,0.0013280892854327915
62.33820117246041,0.010762646405094818
