delta,ratio
36.258824364187696,0.050673194614443084
73.13982802423294,0.0038303693570451436
