delta,ratio
14.5957735190809,0.006158688218837426
79.9599587297555,0.0940171355299969
31.276733714677825,0.05980921666148586
