delta,ratio
-19.267535249208287,0.0023652777230259788
-18.418109961851968,0.0017148263491938345
-15.890451915874955,0.005045925809122088
-19.09219008155543,0.003331099459928253
-12.997022428695468,0.0030748610399337723
-13.682118582541621,0.001892222178420783
-20.267351087145673,0.003567627232230851
-16.024085184357446,0.005065636456813971
-17.38804806972111,0.0020499073599558482
-18.434201915874954,0.004927661922970789
-16.678646360319398,0.0012417708045886389
