delta,ratio
28.90958053537578,0.004036303800661633
0.6304889496906227,0.020703257136632323
-41.379427331757086,0.0007453401904630856
-17.590720673409642,0.004947912187458791
