delta,ratio
-18.762907261660477,0.005610535338580223
-9.93440484620154,0.008961271721343412
-18.04108186483508,0.02181874853892309
-12.80091895756691,0.008883347619418686
-18.161821213206007,0.0310917166679654
-18.99989741637215,0.0061560040520533
-13.629672256744056,0.00880542351749396
-16.283980058595343,0.013558793734902205
-15.603409053775172,0.002415647159666485
-8.491796150549366,0.0077924101924725315
-17.661230112813517,0.008259954804020885
