delta,ratio
20.36952742157805,0.0013433208489388264
1.808648078790398,0.0012134831460674158
13.39730633411532,0.0018177278401997504
42.77142622619929,0.0050037453183520595
