delta,ratio
-19.79008911812602,0.0013011079131017625
-18.193264709657775,0.011512833655324685
-19.95691527442586,0.001248537896410782
-21.958920286957188,0.0008279777628829397
-14.399623956960223,0.0020633731551209767
-18.863682191719093,0.0034039085807409746
-20.865201948558,0.001235395392238037
-12.26613994901556,0.001222252888065292
-13.161625493553448,0.003377623572395484
-21.73181405985096,0.0015376729882111738
-22.16417480255653,0.0015245304840384288
