delta,ratio
43.96506898914011,0.0010191276847304933
