delta,ratio
48.3680547711143,0.0077980591497227355
