delta,ratio
-22.61104587547704,0.007985363753766682
-21.71049124143184,0.002238484718037021
-13.971526347265602,0.0032070598364184245
-2.8722985201746027,0.0060051657339647005
