delta,ratio
44.92732138640919,0.0021448782340324248
