delta,ratio
-30.53382057191611,0.00046814793474738017
