delta,ratio
-26.790324252748444,0.0020427781783225185
23.51417612754517,0.08209164463670592
-7.981006727288648,0.007750540735400144
-26.55479484098374,0.002503404630297204
-12.041597990590038,0.0025434591043819593
-27.136951909046566,0.003825202275094128
-9.665036902594842,0.007289914283425458
