delta,ratio
-25.29465757781338,0.0007741159119342259
0.836562066324781,0.0014785247038364598
12.741183654414108,0.0007631095245607534
72.1467767475072,0.002443417996910874
-29.116267084502148,0.000744765545604966
