delta,ratio
-16.19039799955972,0.001898837780324112
-14.155276671334946,0.0026518251759698806
-21.03657219279783,0.011736781797348175
-7.426440692498968,0.002750040923228024
-16.754813708371984,0.0023571779341954495
15.35213073607246,0.004910787362907186
-0.9843033724546686,0.007038795220166967
