delta,ratio
-23.79617645251797,0.007434106780806488
