delta,ratio
1.1791491609587723,0.0013426124071457468
16.052781718470143,0.001706114456241975
-12.220414157818517,0.0006097453726775444
