delta,ratio
-10.864089920959557,0.0022745018162066742
