delta,ratio
-23.47395532775,0.004638433240327712
-23.587297676183628,0.003021201727416517
-19.9634531383685,0.00199043878512147
-21.50529909361807,0.005900229255895786
-3.0741258958435864,0.005349304235013951
-20.455355131723984,0.0030567452771508292
-21.9234071694859,0.007179797046331017
-20.71983068938891,0.0017416339369812864
