delta,ratio
-24.93880723315765,0.0042014572142743175
-21.475979634655243,0.003775993192575653
-20.11563293909728,0.003456895176301654
-19.604541704750233,0.00457373823326065
-25.473409469136584,0.00728607137158964
-20.16482322249809,0.0040419082061373185
