delta,ratio
8.589787454807123,0.0016300019908421263
