delta,ratio
-2.830184831102617,0.0031039705991904843
-0.7860611197624081,0.002408681184971816
41.23421993080215,0.000927052552291558
14.156530057384423,0.022886609884697838
4.678715512539995,0.0032115749132957546
-10.95551816443595,0.006207941198380969
-3.6497788062172205,0.004213122759967884
-3.6702593189983332,0.0014816286326802578
