delta,ratio
-13.876322515653925,0.0006454302195807393
-37.12880048922221,0.0010174490267001932
-22.08428514910588,0.0025189707180859407
