delta,ratio
18.594464163812304,0.0007422112003204468
