delta,ratio
5.671696376379977,0.00444512852085578
25.543598024806073,0.27915653378482375
-17.475456921197672,0.0011574572879790672
-10.7016996461285,0.0027458827150992765
-14.539587792333762,0.003915653378482376
-23.782275795793783,0.002148684008003694
-20.179082205229896,0.0006341388333076805
-23.215082928862532,0.0009912267200246267
-19.442587308540826,0.005282438048329998
-10.390335638642096,0.004395875019239649
-20.936519236636457,0.003460058488533169
