delta,ratio
-10.121391598617329,0.0007155992311468726
19.310414146936708,0.001414556619708934
25.910082435304687,0.0005533412659449654
20.06658344392379,0.0008528944324715632
-9.983970879801262,0.0005034157381905325
