delta,ratio
41.79439206604044,0.00614642070570594
