delta,ratio
24.78199823890027,0.000729804785118301
30.762844208573057,0.0005655197252648307
21.4660641729662,0.0011499954189742926
0.7534268103288326,0.00022115296518736394
-5.747633701212024,0.0007234861289700906
