delta,ratio
-20.650494298533175,0.004685872960777508
-24.15692869903537,0.0273053337961356
-22.050104434985414,0.018685641559643643
-22.939409548302514,0.016255929654055305
-22.409753557792435,0.004512322110378341
-21.761605409644282,0.039048941339812564
-25.02585842670629,0.005148675228508619
-25.385309113347986,0.013016313779937522
-25.967724572285185,0.0026611130394538934
