delta,ratio
-20.467190552827926,0.00829392007677017
-16.051954822943117,0.0396874357392556
-21.018016999108916,0.004112687641373638
-13.743016999108917,0.00987045033929673
-22.2287764927798,0.005415038727808623
-19.645794776886696,0.00987045033929673
-18.607147433891527,0.012612242100212489
-20.59023922133114,0.001850709438618137
-21.065264705530936,0.007471382548495442
