delta,ratio
57.56056981043178,0.002815590459569517
-1.5785162372104153,0.0118673647469459
