delta,ratio
11.199661263434749,0.0598468919719762
