delta,ratio
-24.244039465188376,0.006934857289626609
-24.631210646970864,0.00908594728224227
-25.45166956364126,0.0025363598420393616
-18.25607650222541,0.00433428580601663
-23.774793433442344,0.003595851927954538
-25.506374352523263,0.009182264744598196
-23.045626766775676,0.005393777891931807
-28.12774093774527,0.002664783125180595
-21.205357187869737,0.0077696086300446275
