delta,ratio
-33.58397090454636,0.0029849435933453315
-33.27740981857351,0.0011413019621614503
-34.94438173554543,0.002765462446775822
-35.58327062443431,0.0018436416311838812
-33.109827400991094,0.001997278433782538
21.857205566041877,0.0014924717966726658
-34.83510212626582,0.004850533339186164
-30.404699195862886,0.002765462446775822
-31.90398846380887,0.0029410473640314296
-31.605105991747067,0.004367674816733243
-34.59664058780427,0.0028532549054036257
