delta,ratio
-3.7197990786880624,0.0010625403792041091
29.47550033504728,0.0015377468804561982
20.625682373882235,0.0016498742571561295
