delta,ratio
-24.864146719250446,0.004900559480540695
37.45028139649346,0.003657917612260733
-28.95217192933448,0.0007934239158970649
-26.86080570542556,0.0009042699041473902
74.35550195455133,0.0017910378101499921
4.170377090273362,0.0013301518590039029
-24.03976783726287,0.000805091914660257
-25.22545624305997,0.0005600639406332223
-24.04280120430028,0.0012543098670431542
-27.646732054269407,0.0013184838602407108
