delta,ratio
-27.60724525996432,0.012246683189969384
