delta,ratio
32.6436795214854,0.0019580741764570375
