delta,ratio
-14.588700480374968,0.010323099611207937
-10.976146367820855,0.008848371095321089
