delta,ratio
76.13365723844922,0.02105864070280042
