delta,ratio
-19.28677146020875,0.0074583893169541254
-22.172800871973458,0.0057034741835531545
-21.776524276228777,0.0012887658010913379
-6.875387078870009,0.0031807836792892594
