delta,ratio
-14.268498961458732,0.020714346603017644
-15.336587251769245,0.008439178245673855
-13.277381331177185,0.008609666695081408
-10.456578371760365,0.007757224448043645
-10.346688261870256,0.0063080726280794475
-12.28921699750244,0.00741624754922854
-13.437597352779346,0.012189924132640013
