delta,ratio
-6.727428569382607,0.0024063109846856083
-22.1625366049708,0.0012072900472993088
-21.536200394661194,0.0014305560149505507
0.21298214342245814,0.0030843779975523434
-19.831885014045234,0.004688585320676082
-13.939596722793215,0.00159593821321073
-8.188349961135184,0.0026461151721628683
