delta,ratio
-32.837665837237864,0.003183628550466408
-34.15546064353842,0.0022796352583586625
-5.244710136439025,0.0013363379100723195
-28.582636915542274,0.0018734933445131538
-28.329748499610382,0.001205324389476994
-28.41931922057901,0.001035006812703071
-34.282647050335015,0.0009039932921077455
-20.436825280368936,0.0012315270935960591
