delta,ratio
-26.119158279621733,0.0052970363416923695
64.73011839307266,0.009387153010594073
-24.718648307852312,0.009320101917661259
-23.109491996537727,0.0036878101113048145
