delta,ratio
-5.8088834161981335,0.004646624227498722
-10.533534578988831,0.003996096835648901
-7.735005865177724,0.018214766971794992
-3.250444754488095,0.012499419171971563
-10.46592045323517,0.00752753124854793
-6.380102928393255,0.0038102318665489522
-8.52785952541315,0.013614608986571256
-10.984438971753688,0.003763765624273965
-9.864177533845192,0.003949630593373914
-8.979903824361399,0.004553691742948748
-8.257760421545726,0.00868918730542261
