delta,ratio
-15.37821607383352,0.005300747030057112
-31.88895831128812,0.002028825743805045
-32.304771854478226,0.0029201017931066832
-31.386068137877718,0.002028825743805045
