delta,ratio
-17.739141182444172,0.014983208473262722
-17.679791049818178,0.013433221389821752
-14.594594269853953,0.005554120382330148
-14.410916405943532,0.013949883750968742
-17.837531037103616,0.01562903642469646
-9.98753317815616,0.02492895892534229
-15.66578970029051,0.014724877292689228
-14.849753129991523,0.00917075691035908
-18.634461379488506,0.009041591320072333
-16.146951621486945,0.047274606044949624
