delta,ratio
-30.419723817653036,0.0024423460027687425
-23.524992076810147,0.0058863915181937895
