delta,ratio
-19.252201320792473,0.0024283477649614978
-23.870486022183258,0.006166725245231173
-24.348517110266158,0.0031951944275809183
