delta,ratio
-17.80800774893452,0.007820224719101123
-18.119335925150594,0.011820224719101123
-16.682594428197632,0.006561797752808989
-16.70480577849117,0.006292134831460674
-18.240381367950256,0.0046292134831460675
-14.81247773616313,0.006067415730337079
-12.51194863563403,0.004719101123595505
-8.094048463516991,0.0037303370786516852
-18.386551810237204,0.0032359550561797752
-19.670076714451763,0.010426966292134831
