delta,ratio
0.7395296173488077,0.004752611945252034
