delta,ratio
-26.311149854454086,0.008302258495743333
-23.442154337093804,0.04495884049813551
-26.597934428268875,0.019418841905297968
-25.329683039944346,0.007528319144445226
-23.028198707893768,0.005980440441849011
-21.029437097986648,0.006684021670301837
