delta,ratio
-28.30926708498741,0.007704785077047851
12.652278108161731,0.034144363341443634
-29.025056558671622,0.004622871046228711
