delta,ratio
-31.729778844940597,0.0011356025973269662
-28.838170453332207,0.0019217890108610197
-29.58386480694023,0.0020237020644672857
-31.63901156405925,0.0038290190140640016
-31.761262129588438,0.0011501616049850042
-28.373382913125674,0.002606062370788807
-29.0300896452514,0.0028826835162915295
-26.26043659298965,0.0013394287045394985
-27.03635632543112,0.00435314328975337
-32.30413781929957,0.0028390064933174154
-26.816958332120088,0.0023294412252860843
