delta,ratio
-12.213177391048056,0.017256362507759155
-14.749966141865585,0.010924891371818747
