delta,ratio
30.802006829237158,0.0027561826869785346
