delta,ratio
-5.880990334296008,0.0018635107766569394
-22.150666260221932,0.0017470413531158807
-6.721340550645877,0.00930461283622458
4.243454626464008,0.0017405708295858218
-4.349037783496179,0.014966320925026044
-20.396457506013178,0.0005694060706451759
-9.955106103792211,0.015626314325092042
-27.042200651756325,0.002038214911968527
-28.24061335016902,0.001630571929574822
-20.55597723157064,0.0006858754941862346
