delta,ratio
-18.08550084889643,0.0010186757215619694
-15.254332017727599,0.0028813970409895706
-20.97051827049922,0.0007955372301722047
-10.105342118737703,0.0017463012369633762
29.353652590257006,0.005500848896434635
-21.81493807833366,0.0012806209071064758
