delta,ratio
-10.036276589211088,0.0015707245716478219
-14.724323507848213,0.005899209841608613
