delta,ratio
-13.114294718421663,0.005818221863299318
45.146994701696215,0.012003523970339916
-16.228322770962254,0.0032486601571103443
