delta,ratio
-15.221109223832432,0.04510619662798336
-14.524419552525847,0.018173855922925333
-14.465859731847786,0.07532296912634115
-9.58929443667784,0.014232537770965623
-17.448268795652197,0.017079045325158748
3.4292165274328283,0.02255309831399168
