delta,ratio
-24.994891732283463,0.0024606299212598425
-19.972391732283466,0.003937007874015748
-27.394466200368573,0.004625984251968504
-21.936911934303666,0.0048720472440944886
-22.885835128509882,0.005216535433070866
