delta,ratio
-12.764727608494923,0.03859649122807018
-19.50156971375808,0.008310249307479225
-13.465855428043794,0.010341643582640813
