delta,ratio
-7.619026712296332,0.0016924077021362445
23.39673385036089,0.0014458317455336128
-24.1896227387864,0.0033623994082177043
-14.542258117847773,0.0031046154535876802
-28.52549050738144,0.002712335522628948
-28.47896194583486,0.002544215552218063
-25.726305203241377,0.0023648875837797853
