delta,ratio
-14.484421821286524,0.002588603751877537
