delta,ratio
98.54179319647102,0.03735770799061625
5.478133398593151,0.000808090803019621
44.22810964449556,0.07438558300040816
-31.28010835964861,0.0006431743126074534
-22.230064653354905,0.0014512651156270743
-26.93196512357434,0.0009565156443905717
-23.57035288333684,0.001245119502611865
