delta,ratio
-24.53097207234733,0.001022306603084699
-23.742337604932846,0.0004254319404141294
21.664110444638766,0.15511756525935474
51.120133084016416,0.0025462419120308344
