delta,ratio
-31.806872052729663,0.001490485493090225
