delta,ratio
-9.257759027735009,0.0040032025620496394
8.047369177393193,0.0026688017080330933
-19.971312141288124,0.0007185235367781405
