delta,ratio
-28.626074332764897,0.0032710773451514194
-25.338803190655046,0.0039041890893742747
