delta,ratio
0.3039590917207846,0.009913002839989934
-18.470121167858352,0.001707588884495093
3.611212601347276,0.0028939137937232626
-23.748784041258066,0.0019951828018837403
46.43218890596875,0.03773771434734156
0.4436102761362548,0.0028040406945393104
20.515057925708895,0.00517669051299565
-22.435391030412827,0.0014110076571880504
-20.941315282176404,0.000835819822410756
