delta,ratio
-16.903418317375028,0.007610951863200554
-17.84700907775968,0.012948502520510033
-16.769219183175892,0.002075714144509242
-15.842757459245812,0.003904319462291193
-17.515511142582604,0.0030147276860729463
