delta,ratio
-28.732911737964468,0.0005200855374724396
10.26061019238142,0.0009903756511443265
39.363606637277314,0.0010650687868451556
13.659905745267437,0.0013251115555813753
16.78913654778131,0.0016017527989177795
