delta,ratio
-33.312836317546584,0.0004931074535931097
-29.77680548903021,0.00047393105262004425
8.478777938218606,0.0013067347520217406
-24.471169650879922,0.0005698130574853711
9.153830349120078,0.00032599881654211136
-23.107851893870574,0.0005862499726051414
38.18580709330613,0.0009423831335334985
