delta,ratio
-22.11901458948698,0.014512360103308326
-25.202153104974997,0.003566596974541877
-22.586980691181893,0.004611978846390358
-21.34116413637205,0.02748739392448653
-20.466335529891573,0.003812569179682696
-15.473586195769048,0.00670274259008732
-24.100552119753324,0.006887221743942935
-22.93491172566465,0.007133193949083754
