delta,ratio
50.613489221633415,0.008395141038369445
18.743555097786242,0.00283731433354747
-4.638118783887634,0.001226420603866145
1.0271102523091429,0.001961299616500224
7.841629437239902,0.0019758998617843446
52.083993969259595,0.0028227140882633494
