delta,ratio
17.922478189823252,0.0015314026228965387
-13.10989346754841,0.0012771543109870748
-18.680196386361267,0.0008928254674030013
