delta,ratio
44.270838568345084,0.006523630037692085
