delta,ratio
-29.990998349301314,0.006743329967097762
