delta,ratio
-18.722326690675125,0.002666489533316885
-33.800577125169866,0.000816078647207303
-32.613293602161455,0.000891992939970773
-31.56229731712262,0.0005978250555123266
-32.38783976651828,0.0010343322389022793
