ID,X,Y,A,B,theta,total_flux,mu_max,mu_median,mu_mean,R_fwhm,R_e,R10,R90,x_start,x_end,y_start,y_end,area,greylevel
0,503.6927943025559,514.1215419108362,300.36427857133185,274.8467544152204,-1.2927844032603388,5969554.0,44.0,5.0,7.631992840476875,145.57512594003904,209.98996843403427,80.3351289435472,380.6574200760136,0,1023,0,1023,782175,7.631992840476875
1,709.0683949386321,164.4160909716782,6.102213476646331,5.7200506779656815,0.3119653062026457,42123.0,155.0,40.0,52.58801498127341,8.33015937350939,7.48482063701911,2.985410660720923,12.347891944863939,692,725,149,180,801,86.5880149812734
2,666.077799190467,277.11012049638913,12.19559789838934,11.2873199096578,-1.3169738202793202,149963.0,191.0,30.0,45.088093806374026,11.055812783082736,13.968677826861914,5.046265044040321,25.136529674456348,631,697,246,313,3326,109.08809380637402
3,897.196271457577,405.2885621116102,6.623281501174685,4.6610468823224895,0.2610808880727604,16253.0,67.0,21.0,25.198449612403103,8.018640596081465,7.069275219628611,2.8209479177387813,11.562445770562215,881,914,394,417,645,54.1984496124031
4,503.76006388849504,511.79594028574945,126.68403068798308,110.88048008812137,1.2912740965590115,9789556.0,154.0,35.0,37.61091111666058,67.9983044399325,152.66202847047003,58.52906111591023,239.6438009951297,197,790,163,831,260285,65.61091111666059
5,685.5512820512821,759.3218623481781,2.9535176143816972,2.676961433545064,0.09152717939685596,1482.0,22.0,9.0,9.814569536423841,4.61809077155419,3.656366395715726,1.4927053303604616,5.698035485213008,679,692,753,765,151,55.81456953642384
6,780.5345119139124,928.8843966179861,4.759135894034701,4.324294337747856,0.25274590302497013,13010.0,76.0,28.0,31.965601965601966,7.024103669400641,5.863230142835039,2.393653682408596,9.338999347593866,769,792,919,939,407,59.96560196560196
7,340.6053728578045,959.1273737841593,3.8375676919849333,3.1483556294239476,0.6155426163421894,2159.0,22.0,8.5,9.553097345132743,5.613615477764332,4.442433223290478,1.7841241161527712,7.001408606295148,333,351,951,966,226,46.55309734513274
8,434.8991714646819,1016.7170341244207,6.267062851014339,4.448656778484466,0.27066394443193836,14242.0,74.0,18.5,25.432142857142857,7.158763278359629,6.206085419025319,2.5231325220201604,10.403141895720198,420,450,1001,1023,560,55.43214285714286
