ID,X,Y,A,B,theta,total_flux,mu_max,mu_median,mu_mean,R_fwhm,R_e,R10,R90,x_start,x_end,y_start,y_end,area,greylevel
0,516.4704123715901,517.6236691597571,214.16168593940887,164.20126056106176,1.20456285747385,17179748.0,177.0,6.0,16.492980300295688,122.43823912369781,172.48337659693993,65.28529218745182,389.33986952076305,0,1023,0,1023,1041640,16.492980300295688
1,924.6795155766115,284.25798314157385,13.955048166115025,8.007062674904558,1.4836870171974768,97518.0,127.0,30.0,38.24235294117647,13.02532799341193,13.195283541573993,5.077706251929807,22.233651370016283,901,947,244,322,2550,59.24235294117647
2,661.0924043614858,388.1999630382554,6.173794520869472,5.770437075956262,0.4053115980028741,16233.0,54.0,19.0,21.672897196261683,9.40692023773423,7.715176518808164,3.141274657157109,12.244343853084386,645,676,372,403,749,59.67289719626168
3,967.746274868892,451.58378423374677,6.489173992237773,4.615613405337957,0.783594251128241,12013.0,47.0,16.0,18.741029641185648,8.500373177909337,7.024103669400641,2.876813695875796,11.227230955528665,954,984,438,466,641,39.74102964118565
4,976.9147774660702,702.9375995147471,7.014948692153185,6.762452388915619,0.7434446734837648,39567.0,117.0,25.0,35.29616413916146,8.97398468933946,8.500373177909337,3.3377905890622728,14.516237276018515,952,994,684,721,1121,55.29616413916146
5,325.02667230496957,695.4508762862379,7.7740703111196625,7.331218077160097,-0.5269752364868759,63849.0,165.0,29.0,44.96408450704225,9.27058084855655,9.27058084855655,3.6125759969217834,16.13621662281282,305,346,674,716,1420,69.96408450704226
6,371.0171513795675,784.8978374347502,3.8366952432970796,2.8305065901824746,-0.03834888067595609,1341.0,17.0,6.0,6.638613861386139,4.652426491681278,4.145929793656026,1.5957691216057308,6.579524642479541,361,379,778,791,202,28.638613861386137
7,931.5965770171149,831.8844743276284,3.932216197804382,3.5937108918030227,1.2967750539334608,1636.0,16.0,6.0,6.466403162055336,5.077706251929807,4.686510657907603,1.7841241161527712,7.611333607551958,923,941,824,842,253,27.466403162055336
