ID,X,Y,A,B,theta,total_flux,mu_max,mu_median,mu_mean,R_fwhm,R_e,R10,R90,x_start,x_end,y_start,y_end,area,greylevel
0,490.83899173364415,625.453424346443,306.196319678197,238.1555409034993,0.17780996845902777,32638082.0,102.0,41.0,43.22701476347579,194.1599249086142,327.5682972954054,135.2584958825632,457.38171350446447,0,1023,0,1023,755039,57.22701476347579
1,215.31423611111111,115.4921875,2.694843306098767,2.4678742017740407,1.411176042080469,1152.0,22.0,7.0,8.597014925373134,3.742410318509555,3.2410224072142872,1.2615662610100802,5.352372348458314,210,221,109,122,134,92.59701492537313
2,258.48789285714287,212.60877142857143,62.95221392050461,6.589571771292175,-1.4260497735292592,140000.0,50.0,14.0,18.034265103697024,27.914558950087667,24.168132760874514,9.82078894558317,39.75034936973935,232,314,0,343,7763,102.03426510369702
3,613.2382685848359,142.73950517692526,211.20785011521642,84.28736940813621,0.08545876681102577,2899501.0,32.0,12.0,11.817863533171115,146.940791476087,159.8708613573076,63.88808707838064,243.4352202137046,0,1023,0,370,245349,81.81786353317112
4,638.321345964473,449.8015557370667,39.657426641479496,29.848081833558656,-0.06194586027761552,130999.0,41.0,9.0,9.689275147928994,10.31094088749354,38.22358404942686,13.086279790944385,59.204969948948566,559,749,409,544,13520,76.689275147929
5,9.914355628058727,518.8336052202284,3.2753124598609804,2.9915510838460957,-1.3379635385881457,1226.0,19.0,6.0,6.55614973262032,3.7846987830302403,3.949327084834294,1.4927053303604616,6.407961869245868,3,17,512,527,187,85.55614973262033
6,87.12016218584134,469.87649629682454,46.688283869777585,41.455124335056496,-1.5408326365548852,196318.0,37.0,9.0,9.662745484077373,10.155412503859614,48.161438315537076,18.071688997561054,73.4682294602132,0,165,409,618,20317,76.66274548407738
7,835.7456999782278,633.4944480731548,4.3450970397268724,4.1003589868233385,0.8320842715809329,9186.0,66.0,17.0,22.850746268656717,6.102643417692329,5.322553886092406,2.111004122822376,8.812923024107548,825,848,623,644,402,93.85074626865672
8,827.648618217016,941.2837182045052,67.12355133054592,5.146609727656377,-0.8829775817969088,151869.0,105.0,15.0,25.894117647058824,16.79352729949365,18.982275710779543,7.1141599576634995,33.846673106458525,774,992,744,1011,5865,94.89411764705882
