ID,X,Y,A,B,theta,total_flux,mu_max,mu_median,mu_mean,R_fwhm,R_e,R10,R90,x_start,x_end,y_start,y_end,area,greylevel
0,545.4859940794905,488.58544608036294,329.6521258296064,277.48431197954363,-0.7050446712445576,7230121.0,78.0,9.0,11.02060193124052,9.062226582657155,224.50775901387215,88.38169837104412,366.6668060070991,0,1023,0,1023,656055,11.02060193124052
1,251.9831611834769,257.0793073256957,44.21035198484482,31.14597225912144,-0.8731880726211061,968536.0,136.0,22.0,30.221417873190216,32.32663540087933,45.83497844237541,16.40036139313104,79.34840608805813,152,355,144,370,32048,119.22141787319022
2,115.67712355212355,629.1341698841699,6.887163794784885,3.513176269856006,-0.29964672927560765,4144.0,24.0,7.0,9.147902869757175,6.840435166640879,5.917270272703197,2.393653682408596,9.788323438736636,100,139,621,638,453,38.147902869757175
3,410.9840591025474,421.19573431859646,210.36461653552567,116.2415214177588,0.6413207994348604,12083134.0,201.0,31.0,33.66985351282216,31.463371498165753,174.46416894753094,63.21945057435786,278.3793962751793,0,842,0,722,358871,60.66985351282216
4,988.2476923076923,747.6276923076923,2.6667948924343223,2.3508938816951606,1.3296427573936995,650.0,13.0,5.0,5.603448275862069,3.5682482323055424,3.141274657157109,1.2615662610100802,5.014626706796775,982,994,742,754,116,34.60344827586207
5,632.5925404644616,758.4433497536946,7.861956002459904,2.8942492095055865,-1.5138665640538207,1421.0,12.0,5.0,5.111510791366906,6.154581744998688,5.232078956954491,2.0342144725641096,8.136857890256438,625,639,744,772,278,33.111510791366904
6,1012.9194784302105,845.8235468439101,5.029180166442383,4.809488663574588,0.9001773561298752,23621.0,123.0,39.5,47.622983870967744,7.069275219628611,6.231677632421503,2.5231325220201604,10.217907939900583,1000,1023,833,859,496,72.62298387096774
7,608.5589536449318,935.9049817272553,3.7681916847527335,3.423742508663541,-1.455334812742535,5199.0,52.0,18.0,20.07335907335907,5.292567428401227,4.61809077155419,1.7841241161527712,7.334464586120832,600,617,926,944,259,48.07335907335907
