ID,X,Y,A,B,theta,total_flux,mu_max,mu_median,mu_mean,R_fwhm,R_e,R10,R90,x_start,x_end,y_start,y_end,area,greylevel
0,501.6104061194073,504.958142073531,332.7098460306951,309.4536226277794,-0.8715070491487542,14122152.0,99.0,21.0,23.9094289022978,122.0763378028384,223.06046991577614,89.38444016277747,358.39851873446986,0,1023,0,1023,590652,23.9094289022978
1,886.3272281697407,393.6847671868954,6.711649340091436,3.365459078794651,0.33719198905101405,7753.0,40.0,16.0,17.46171171171171,7.54834217738561,6.128667601500942,2.4592453796829674,9.739422266375435,871,904,384,402,444,86.46171171171171
2,1005.9132247063282,627.7889352027283,4.152963534713613,3.288885615455924,0.36955710661829916,2639.0,21.0,9.0,10.11111111111111,6.358093703724522,4.853342309955121,1.9544100476116797,7.442171739215616,997,1016,620,636,261,68.11111111111111
3,783.4780487804878,761.7053658536586,2.9000251826538523,2.7284189782011783,-0.8227710097480573,3075.0,45.0,19.0,19.838709677419356,4.61809077155419,3.656366395715726,1.4927053303604616,5.725898905580716,777,790,755,768,155,112.83870967741936
4,514.2989840832643,511.6202491422797,219.49225830965045,120.73044930723114,1.389087003036859,18580066.0,183.0,41.0,40.702913599719594,44.226849883293674,214.04656845617478,79.78646134395002,324.0506748991608,189,848,2,1023,456480,96.7029135997196
5,775.2929795467109,979.2177998894417,3.1145722768161024,2.9955369231943014,0.5770469952249806,1809.0,24.0,10.0,10.337142857142856,4.853342309955121,3.949327084834294,1.5957691216057308,6.180387232371033,767,782,973,986,175,71.33714285714285
6,807.26401179941,1020.241571849979,8.405001342862999,2.388564963373594,0.015227263001279304,9492.0,85.0,16.0,23.207823960880194,4.753945931439391,5.077706251929807,1.8712051592547776,8.740387444736633,785,828,1013,1023,409,83.20782396088019
