ID,X,Y,A,B,theta,total_flux,mu_max,mu_median,mu_mean,R_fwhm,R_e,R10,R90,x_start,x_end,y_start,y_end,area,greylevel
0,446.717262954989,362.24833089911226,313.9258611874231,245.38082125824272,1.2425807041091912,4956411.0,167.0,3.0,5.14971588518208,30.958537874056546,197.21391954712232,41.27076690551635,392.02164223317146,0,1023,0,1023,962463,5.14971588518208
1,919.5440534601607,145.25535053129045,7.544445574035385,6.619323536737313,-1.2416833991054907,33221.0,75.0,25.0,31.193427230046947,11.451797811161432,9.13220620552083,3.8678889139475245,14.406180819073164,900,935,125,163,1065,52.19342723004695
2,178.27901682909913,163.69418754643135,22.078534686237443,19.905331900995805,-0.8460825480554253,566697.0,228.0,35.0,51.73897562311696,20.529059630371258,25.43237481489809,9.009385160867895,44.727817235643464,113,238,101,225,10953,78.73897562311696
3,511.1097059167499,512.2531170665443,62.43268651662583,57.62628692336904,1.1122488995534165,2778975.0,139.0,32.0,38.235759493670884,62.13774150554058,74.65658783441803,29.185565874723483,122.22877937718357,344,679,311,667,72680,58.235759493670884
4,592.3517901042696,339.47109271242476,7.803965554605298,7.5325829539331925,-1.3699199650142013,70778.0,165.0,35.0,50.019787985865726,10.139728459745083,9.557977680176279,3.7846987830302403,16.195287778099022,573,614,320,361,1415,91.01978798586572
