ID,X,Y,A,B,theta,total_flux,mu_max,mu_median,mu_mean,R_fwhm,R_e,R10,R90,x_start,x_end,y_start,y_end,area,greylevel
0,559.3205642245614,448.7832649676289,306.0415165662109,268.85099717855013,-0.7624147963913317,4349403.0,93.0,3.0,4.335814557177804,9.788323438736636,232.041786080725,73.37501901132725,411.9951699317009,0,1023,0,1023,1003134,4.335814557177804
1,861.2942310896158,109.43429136859535,33.71907517044644,30.244489465452997,-0.9103074276314844,990395.0,154.0,31.0,42.95420045973023,37.8469878303024,38.78982897604446,15.655625581928012,66.25325147096159,756,967,14,215,23057,70.95420045973023
2,713.8756414126169,79.95532749773619,4.559202903812393,3.0108485675494534,0.2423450198397238,3313.0,28.0,13.0,12.891050583657588,6.154581744998688,4.853342309955121,1.9544100476116797,7.506054213402069,703,724,73,87,257,58.89105058365759
3,655.5051778478163,108.4538496172895,4.06628828347564,3.1784775750270917,-0.6558267596022658,2221.0,21.0,9.0,9.215767634854771,5.499039842323396,4.583497844237541,1.8712051592547776,7.203090409536582,645,664,100,118,241,38.21576763485477
4,798.8567880327406,389.01625740897543,6.153915109119848,5.768817699762467,-1.376645657713306,17715.0,64.0,19.0,23.4635761589404,8.481629223064205,7.48482063701911,2.985410660720923,12.334995970645954,784,813,375,407,755,51.4635761589404
5,317.7780302308812,394.3060502578196,11.528608122146279,8.488011411720572,0.6846333348697452,73501.0,106.0,27.0,33.8402394106814,12.85312533702941,12.450578884995911,4.853342309955121,20.65272978291924,289,348,369,420,2172,61.8402394106814
6,846.6982747921062,538.2464937321583,4.564664254943497,4.160593849317585,-0.49691337020758714,8057.0,52.0,18.0,20.712082262210796,6.579524642479541,5.556622981616415,2.256758334191025,8.97398468933946,835,858,528,549,389,53.7120822622108
7,509.8837379244381,513.0291241830065,50.70047127471631,18.239429765612385,0.22167105695611072,784125.0,143.0,35.0,42.22308976360993,31.32141550470609,37.82595588212067,14.194722891072566,63.083359113713584,385,625,455,572,18571,70.22308976360993
