ID,X,Y,A,B,theta,total_flux,mu_max,mu_median,mu_mean,R_fwhm,R_e,R10,R90,x_start,x_end,y_start,y_end,area,greylevel
0,519.18789670796,494.92167804725415,311.5450831040228,280.5863108318222,-0.9819099707733192,4627617.0,52.0,4.0,5.113744934730263,22.98683125324351,238.28244993711488,80.6455677300818,412.11027212765987,0,1023,0,1023,904937,5.113744934730263
1,23.181472081218274,649.1675126903554,3.3024235449260515,2.200890687383566,1.1966600387626398,788.0,15.0,5.0,5.669064748201439,3.8678889139475245,3.3377905890622728,1.2615662610100802,5.4115163798060095,18,28,640,656,139,30.66906474820144
2,963.3542107490479,734.1777401608125,6.536455021944864,4.441131362717708,1.5645548734096495,16541.0,62.0,25.0,27.988155668358715,9.009385160867895,7.001408606295148,2.985410660720923,10.954580187815921,953,974,717,750,591,51.988155668358715
3,507.6345330491081,521.0075387309713,153.70819210363015,46.61068327987009,-1.0822754387269056,6309550.0,161.0,37.0,44.309571128605235,84.29868450369274,106.2580348624293,41.451619577769236,173.8820946764029,283,735,105,884,142397,67.30957112860524
4,537.3971631205674,891.1054579093432,4.456104459881842,3.187073401263417,1.5338636598509032,6486.0,56.0,20.0,21.76510067114094,5.863230142835039,4.886025119029199,1.9544100476116797,7.735777827895049,530,545,880,902,298,46.76510067114094
5,698.3106469002695,977.7035040431267,4.1578639769356736,2.5919985742455567,1.370056819015888,1484.0,20.0,6.0,6.934579439252336,4.583497844237541,4.068428945128219,1.5957691216057308,6.627726932618989,691,705,966,986,214,35.93457943925234
