ID,X,Y,A,B,theta,total_flux,mu_max,mu_median,mu_mean,R_fwhm,R_e,R10,R90,x_start,x_end,y_start,y_end,area,greylevel
0,520.3607443277712,516.6051751693459,285.1789038911084,281.1508981928431,-1.0686997030629417,7150452.0,83.0,6.0,8.55719494930033,12.552425807826008,227.5468288643024,83.47336945734956,396.76690125415945,0,1023,0,1023,835607,8.55719494930033
1,625.1893781893782,330.6046116046116,5.823031502416896,4.251306883009557,-0.802760620927299,5291.0,25.0,12.0,11.705752212389381,7.898654169668588,6.4820448144285745,2.6462837142006137,10.060941497019325,613,637,319,344,452,80.70575221238938
2,701.711595246669,327.54915376305365,5.159627451213342,5.050641715972417,0.7306029074322485,27770.0,136.0,37.0,47.389078498293514,7.225151993843567,6.457444935117649,2.5854414729132054,10.674967880691588,688,715,314,340,586,106.38907849829351
3,513.776656983012,517.9444495203704,110.17829210365666,103.25855071809079,0.2663766385116983,6599781.0,172.0,30.0,31.557213692459968,39.47311607752364,134.81770214248806,46.12573337360022,213.1307828957235,224,781,250,835,209137,62.55721369245997
4,460.7053615346778,810.0135268076734,10.229374998712965,7.417700282492533,-0.7633267125921153,4066.0,14.0,4.0,4.6681974741676235,8.703892974511014,8.19532708223289,3.1915382432114616,13.493452297211721,436,479,787,829,871,55.66819747416762
5,372.37380537146845,898.8884897104988,12.806578825229609,6.8679884730389,-1.5121804173631346,28670.0,51.0,16.0,17.89637952559301,10.749255261864239,11.534883286137944,4.370193722368317,18.940307329321033,354,394,866,929,1602,48.89637952559301
6,440.4603381014304,930.9960988296489,2.6047784231562585,2.2808249971219627,0.04556538741970027,769.0,15.0,7.0,6.866071428571429,3.949327084834294,3.141274657157109,1.2615662610100802,4.787307364817192,435,447,926,937,112,39.86607142857143
7,112.2118933697881,963.5987696514012,3.9742080676184806,2.856643920290752,-0.8540732115256161,1463.0,14.0,7.0,7.0,5.781222885281108,4.370193722368317,1.7841241161527712,6.770275002573076,104,119,954,971,209,40.0
