ID,X,Y,A,B,theta,total_flux,mu_max,mu_median,mu_mean,R_fwhm,R_e,R10,R90,x_start,x_end,y_start,y_end,area,greylevel
0,511.9767674219701,518.2597529925074,293.8994459652805,284.47555827498155,-0.9728428728015993,3044604.0,61.0,2.0,2.927396883575408,6.793742230659745,235.8622878044328,75.59929898107497,414.2246725611557,0,1023,0,1023,1040038,2.927396883575408
1,84.87554060547814,90.50552618933204,3.352555149177786,3.0793829849335816,-0.7910625647918005,2081.0,23.0,10.0,10.35323383084577,5.201570947860099,4.145929793656026,1.692568750643269,6.530966601401967,78,92,84,99,201,36.353233830845774
2,503.6399068028947,507.6674707524102,19.234171737395286,13.93926075645331,1.2821796077053464,242926.0,141.0,27.0,39.03052699228792,19.576646877473273,19.8110093045411,7.797255174810172,33.992129778040685,456,544,457,562,6224,63.03052699228792
3,486.8768379960963,654.1782042940794,7.145194554087205,6.299770041548345,1.4659881616174493,30740.0,86.0,27.0,31.789038262668047,9.640875829802336,8.537737635702333,3.431831258788849,13.957279475043833,472,503,636,672,967,56.78903826266804
4,619.0841616964877,921.4486414844267,4.459277433312077,2.650991279849973,-1.451801825339146,1509.0,17.0,5.0,6.618421052631579,4.918490759365935,4.259537945889915,1.692568750643269,7.024103669400641,612,626,909,933,228,31.61842105263158
5,857.7546041616838,935.9512078450132,4.120747800355374,3.4791392793321037,0.1390244919393844,4181.0,35.0,14.0,15.148550724637682,5.890312181373172,4.886025119029199,1.9544100476116797,7.715176518808164,848,867,927,944,276,41.14855072463768
6,831.3257359536818,1012.586601973416,5.6089538310471685,5.452333189502198,0.6214337077810157,24526.0,101.0,32.5,38.202492211838006,8.117274569709014,7.024103669400641,2.8209479177387813,11.354096349090721,816,847,996,1023,642,62.202492211838006
