ID,X,Y,A,B,theta,total_flux,mu_max,mu_median,mu_mean,R_fwhm,R_e,R10,R90,x_start,x_end,y_start,y_end,area,greylevel
0,504.04090235439855,514.6356619020399,247.2082896279041,240.10513797250908,-0.017975875187308196,5755610.0,221.0,3.0,6.295258439181999,11.92830747106036,169.8810343471377,58.72723062431407,366.0551410753589,0,1023,0,1023,914277,6.295258439181999
1,507.5673550805238,519.1805768634894,92.07678394477941,82.81352517565455,-0.44688569925762467,5560657.0,179.0,39.0,41.40505141512595,42.83384390833222,109.74031271086089,40.586372848545075,172.51197873989364,304,715,303,751,134299,87.40505141512595
