ID,X,Y,A,B,theta,total_flux,mu_max,mu_median,mu_mean,R_fwhm,R_e,R10,R90,x_start,x_end,y_start,y_end,area,greylevel
0,541.0159272978613,504.94640748883955,311.38198699195385,270.3718320434683,-0.9862179841171477,12971943.0,99.0,16.0,19.408645653009835,65.8194314086759,225.3610782281815,90.76090317174196,366.3363383614323,0,1023,0,1023,668359,19.408645653009835
1,705.259989344699,159.54661694192862,4.393515994298801,2.8457594953300474,-1.0803169359656535,1877.0,20.0,8.0,7.987234042553191,5.232078956954491,4.54864184146723,1.7841241161527712,7.203090409536582,697,712,150,170,235,58.98723404255319
2,699.3787827118392,376.0251464155979,8.268913644388693,6.131852746547498,-1.5253925805997495,67445.0,161.0,40.0,55.46463815789474,10.49453289192004,8.884866446580956,3.6996385101659595,14.755472278097805,677,716,355,399,1216,149.46463815789474
3,713.1797953964194,471.61074168797956,4.191224131022884,3.7565181610235934,-1.108523170858829,3910.0,31.0,12.0,12.73615635179153,5.944106103225343,5.108953969950291,2.0342144725641096,8.097643889049511,704,723,462,481,307,99.73615635179154
4,327.41136588603126,379.8880169301687,156.7646826666228,137.29245480193399,0.31774707181147005,15069903.0,165.0,38.0,39.904522453389255,63.02277968958002,188.3751207345837,72.01985556334357,292.3912176535079,0,766,53,790,377649,89.90452245338926
5,511.1688456632653,510.24282525510205,9.636187288967095,3.44596305339867,-1.4923613641104942,6272.0,27.0,10.0,10.505862646566165,7.203090409536582,7.203090409536582,2.763953195770684,11.603666741842574,502,519,486,531,597,136.50586264656616
6,970.6509186351706,662.9501312335958,3.7753823260886086,2.92784474185937,1.4161795542340045,1905.0,19.0,9.0,8.943661971830986,5.556622981616415,4.3336224206596095,1.7841241161527712,6.723094811029982,964,978,654,672,213,59.943661971830984
