ID,X,Y,A,B,theta,total_flux,mu_max,mu_median,mu_mean,R_fwhm,R_e,R10,R90,x_start,x_end,y_start,y_end,area,greylevel
0,490.468126901785,478.99408567557623,328.6003393640906,227.85352399056578,-1.0209501720586776,8973806.0,110.0,10.0,13.538868890102561,19.265236237593868,212.62089096644922,81.62050972605203,360.1858945347718,0,1023,0,1023,662818,13.538868890102561
1,762.9606936547899,634.4865081614619,157.5923261307493,141.4466681101399,0.8822504754936832,17993100.0,175.0,47.0,46.84458815627099,76.58237168524062,192.95943616908286,75.19400580021438,293.7488704256759,328,1023,281,1023,384102,86.84458815627099
2,26.660657760609475,578.2166425237406,5.406331448253545,4.003280366007895,-1.4858996196774068,18639.0,104.0,33.0,40.34415584415584,7.1141599576634995,5.970821321441846,2.393653682408596,9.607802401865856,16,37,564,592,462,81.34415584415585
3,349.1540948275862,597.1540948275862,3.7408081779840128,2.9920558528497874,0.4696282994116607,1856.0,20.0,7.0,7.931623931623932,5.201570947860099,4.259537945889915,1.692568750643269,6.886811529393324,340,358,590,605,234,73.93162393162393
4,216.43104872006606,602.980078447564,4.708060251483771,3.704736765128988,-1.442269345100686,9688.0,68.0,23.0,26.469945355191257,6.358093703724522,5.352372348458314,2.111004122822376,8.611980229936854,207,225,590,614,366,67.46994535519126
5,973.1892583120205,762.4412617220802,9.41858136358391,3.367658593849806,-1.4881786001566009,5865.0,26.0,9.0,9.873737373737374,7.632215220473915,7.069275219628611,2.7057581899030048,11.297887606083718,965,981,738,783,594,136.87373737373738
