ID,X,Y,A,B,theta,total_flux,mu_max,mu_median,mu_mean,R_fwhm,R_e,R10,R90,x_start,x_end,y_start,y_end,area,greylevel
0,482.149467821441,478.0253847846293,396.2703692264499,306.0125788151629,0.8423805819940332,9612845.0,180.0,16.0,19.51708000446669,12.424986712231869,197.936489892707,81.0353808652221,317.03589359975797,0,1023,0,1023,492535,19.51708000446669
1,515.9646926996894,522.3660589719286,219.40573470399843,143.1320502660103,0.7786332729392909,22624188.0,168.0,40.0,40.82491482850214,94.6460607578796,224.54107513344084,84.5192904947541,349.5904593246725,40,1023,68,990,554176,79.82491482850213
2,655.3138987937182,554.0254533039982,5.544817251011154,5.002775050744938,0.22068975775137875,26362.0,104.0,35.0,44.60575296108291,8.349243383340204,6.651697090182843,2.8209479177387813,10.881694613449236,641,668,541,566,591,195.6057529610829
3,181.66501164643864,593.9078092435944,4.716815172003973,4.48213135659822,-0.5954997430731013,16314.0,86.0,33.0,37.50344827586207,7.463526651802308,5.944106103225343,2.4592453796829674,9.40692023773423,170,193,583,605,435,132.50344827586207
4,487.73970513472295,763.3812913065582,4.855832868509577,3.6456997099123387,-0.04062879355385186,3934.0,26.0,10.0,10.690217391304348,6.90988298942671,5.440847306724618,2.1850968611841584,8.556358677747903,477,500,755,773,368,139.69021739130434
5,457.38328424153167,1017.811119293078,6.202272887392731,3.7419492683414566,0.0033438526562142162,19012.0,109.0,33.0,40.36518046709129,6.817128675830715,5.808687281605183,2.393653682408596,9.507891862878783,442,474,1006,1023,471,82.36518046709129
