ID,X,Y,A,B,theta,total_flux,mu_max,mu_median,mu_mean,R_fwhm,R_e,R10,R90,x_start,x_end,y_start,y_end,area,greylevel
0,507.1981666290898,516.8084919361687,295.5866975276669,155.55074560301668,0.945829191011038,36857790.0,212.0,22.0,35.431937952899425,131.77541205014057,242.960761797068,89.12588406134604,415.6476982206669,0,1023,0,1023,1040242,35.431937952899425
1,866.4307390666048,199.1334221913151,13.31375162074302,10.144259100836592,-0.4867886403562307,103536.0,132.0,22.0,32.004945904173105,12.11366408361762,14.002817212590296,5.201570947860099,24.97136494134924,826,900,168,227,3235,79.00494590417311
2,837.7288292457196,258.85849143914857,4.579344208590399,4.310603808522176,0.931036317556969,10805.0,61.0,26.0,27.705128205128204,7.247146419131151,5.781222885281108,2.393653682408596,9.079772052293041,827,848,248,270,390,74.7051282051282
3,208.39707724425887,370.2004771846108,5.175906547384771,4.633481793884307,-0.5514843579252597,16765.0,91.0,26.0,31.872623574144487,7.046725639945928,6.257165172872317,2.4592453796829674,10.139728459745083,196,222,358,382,526,94.87262357414448
4,115.49704857263735,463.0000302193928,8.524811713846976,8.2721316346238,-0.3887337035647692,99274.0,197.0,37.0,55.96054114994363,10.600159896099592,10.249012754438885,4.068428945128219,17.965695772509445,93,139,440,485,1774,102.96054114994364
5,129.2871809256662,539.0332117812062,5.029457375955301,4.72577020765624,1.5090763746615794,17825.0,96.0,31.0,36.904761904761905,7.091753098990329,6.257165172872317,2.4592453796829674,10.092530088080641,118,141,527,551,483,81.9047619047619
6,116.813313475361,760.1810529042284,4.848383064996994,4.604958651676671,-1.5482762970613777,15443.0,86.0,30.0,34.090507726269315,7.091753098990329,6.102643417692329,2.4592453796829674,9.739422266375435,105,128,749,772,453,81.09050772626932
7,7.212330870161505,838.4485906699691,14.3643876923539,5.701206392857598,-1.5582881192774303,48853.0,109.0,29.0,33.16564833672776,9.591222920311857,10.57008845991889,3.989422804014327,17.205469890442554,0,26,800,875,1473,80.16564833672777
