ID,X,Y,A,B,theta,total_flux,mu_max,mu_median,mu_mean,R_fwhm,R_e,R10,R90,x_start,x_end,y_start,y_end,area,greylevel
0,507.82111585022926,520.2390591941886,303.6534430009643,285.9253333531592,1.4229220245688192,7551569.0,102.0,8.0,10.487693061922863,13.831277655967225,216.58414371124417,85.04865580149082,368.1141398495685,0,1023,0,1023,720041,10.487693061922863
1,1018.2199603675014,431.5471987029364,4.948232469614758,3.5005867677162255,1.5017805720188473,11102.0,81.0,30.0,34.585669781931465,6.257165172872317,5.108953969950291,2.111004122822376,8.117274569709014,1008,1023,418,444,321,65.58566978193146
2,508.2212877155476,503.7870217124078,177.2789981816085,88.54258194263451,-1.5515053401824572,12775368.0,171.0,32.0,39.130030476132134,85.34568018091883,158.75597147240276,59.17808181915045,256.30667689410063,254,802,70,974,326485,68.13003047613213
3,689.5752533466783,773.8087326410609,6.986184159443951,5.980317921081092,0.7806297364756248,39965.0,110.0,30.0,40.947745901639344,10.02925341359355,8.156394191823509,3.431831258788849,13.410633306963609,672,707,756,792,976,92.94774590163935
4,158.46611361079866,908.9621766029246,5.890457775669131,4.671884320004196,-1.4822553309872868,7112.0,32.0,13.0,13.520912547528518,8.136857890256438,6.770275002573076,2.7057581899030048,10.674967880691588,147,169,895,924,526,44.52091254752852
5,467.6999002991027,944.7454303755401,3.772734282913054,3.1413121163549254,-1.4562277383329145,3009.0,31.0,12.0,13.255506607929515,5.232078956954491,4.406461512053774,1.7841241161527712,7.024103669400641,461,475,936,953,227,68.25550660792952
