ID,X,Y,A,B,theta,total_flux,mu_max,mu_median,mu_mean,R_fwhm,R_e,R10,R90,x_start,x_end,y_start,y_end,area,greylevel
0,531.7938658614116,521.9179430881147,279.836643983142,262.68950469479984,1.3268798183667647,4237498.0,85.0,3.0,4.485102572624297,11.18462271470208,222.01630752090836,71.4630241029075,402.7392959886966,0,1023,0,1023,944794,4.485102572624297
1,879.050617564598,84.22141395771766,5.289920436926594,4.423995111314005,0.3228327281826434,13197.0,57.0,30.0,30.061503416856493,8.51907589177983,6.358093703724522,2.7057581899030048,9.72306722164286,866,891,74,96,439,56.06150341685649
2,960.2545096753033,238.94162020334537,3.261472149290391,2.980272093427376,1.4919310743281555,3049.0,38.0,14.0,15.556122448979592,4.886025119029199,4.029119531035698,1.5957691216057308,6.383076486422923,953,967,231,247,196,43.55612244897959
3,603.0396527051482,550.4515971991933,78.20386801580838,66.80413202274747,1.0457607375940348,5566682.0,179.0,60.0,57.14281901516163,73.04457756885654,95.269554919946,37.00928856718069,144.52506610059152,432,783,350,747,97417,84.14281901516162
4,361.1295627757722,486.8812675491376,4.200149850933575,3.581291826231842,0.9538125643146784,2493.0,20.0,8.0,8.967625899280575,6.076507779746499,4.950743503369154,1.9544100476116797,7.858251581595959,353,370,478,497,278,35.96762589928058
5,135.94570480221688,727.6854959042602,9.452901242345984,6.541340083098202,0.4062838508529615,32839.0,69.0,22.5,25.535769828926906,11.098915530497878,10.092530088080641,4.029119531035698,16.224742705941285,112,159,711,747,1286,53.5357698289269
6,509.9578614952283,1005.7458751843299,18.94446888634331,11.441407263069488,0.21311569820673323,71882.0,59.0,12.0,17.25444071051368,15.837556323903858,16.175621361885174,6.333012368467128,28.723844188903154,446,567,969,1023,4166,45.254440710513684
