ID,X,Y,A,B,theta,total_flux,mu_max,mu_median,mu_mean,R_fwhm,R_e,R10,R90,x_start,x_end,y_start,y_end,area,greylevel
0,450.9738990657273,471.16915461369274,170.72758106315467,169.17308477073618,-0.6798281313287895,16159843.0,158.0,4.0,15.46883468575274,131.1580008197388,176.69135133589927,70.73101498742004,345.5876505690225,0,1023,0,1023,1044671,15.46883468575274
1,159.9503412526998,261.4971576673866,7.0167100137491705,6.445267977290745,0.7537126512736229,57875.0,156.0,37.0,53.29189686924494,9.885400096021595,8.406235467365967,3.477898169151024,14.149802769282841,141,180,244,280,1086,83.29189686924494
2,292.733213673819,256.67563025210086,6.6032396939027365,5.9297385452128655,0.6711571985048812,61285.0,185.0,44.0,63.70582120582121,9.304852983362556,7.837972188868215,3.2410224072142872,13.110581167104948,276,310,239,274,962,133.7058212058212
3,108.07924812243566,612.4882945043088,7.270488716450757,6.892748898345944,0.7786231338803226,70437.0,210.0,35.0,54.77216174183515,8.758577656805558,8.63044108762739,3.3377905890622728,15.10722305368455,86,127,592,632,1286,84.77216174183515
4,500.55285436893206,750.6718446601942,5.947824770208453,4.598111476118635,0.5915954670225088,12875.0,59.0,19.0,22.548161120840632,7.611333607551958,6.6755811781245455,2.6462837142006137,10.823032759612019,487,514,738,765,571,53.54816112084063
