ID,X,Y,A,B,theta,total_flux,mu_max,mu_median,mu_mean,R_fwhm,R_e,R10,R90,x_start,x_end,y_start,y_end,area,greylevel
0,525.1126492117952,502.4582409120897,280.67919296326687,270.926434519305,0.7258904853261613,3809099.0,133.0,2.0,3.8084401398558048,10.139728459745083,227.94795283325013,66.30847953208323,410.4772937367404,0,1023,0,1023,1000173,3.8084401398558048
1,933.5479539641943,379.9648337595908,3.765765918988511,2.2919011649001177,0.9757162627028209,1564.0,21.0,9.0,9.714285714285714,4.720348719413148,3.826519928662906,1.4927053303604616,5.970821321441846,927,940,373,388,161,39.714285714285715
2,31.795558958652375,433.5382848392037,3.3803071949051944,2.621331592355996,-0.13550430501499092,1306.0,18.0,6.0,7.2154696132596685,4.61809077155419,3.7846987830302403,1.4927053303604616,6.128667601500942,24,40,427,440,181,38.21546961325967
3,511.4156458171375,505.76309354718666,51.49573197038937,48.06096140160327,-0.7690463127064107,2566245.0,187.0,51.0,54.16532989995356,47.48251176843733,64.76640857828998,25.357168021907675,101.37059758959357,382,631,376,628,47378,83.16532989995356
4,290.4397820163488,705.4980926430518,2.9830132427414133,2.2345240025271575,-1.3755378374996,1835.0,33.0,13.0,13.901515151515152,3.949327084834294,3.2897623212397704,1.2615662610100802,5.232078956954491,285,296,699,713,132,43.90151515151515
5,355.40060572687224,827.5781938325991,6.118070988955721,4.357022729297139,0.4638561635990365,10896.0,50.0,17.0,19.77495462794918,7.938851142601841,6.555290583552474,2.6462837142006137,10.55502061411188,341,371,815,841,551,50.774954627949185
