ID,X,Y,A,B,theta,total_flux,mu_max,mu_median,mu_mean,R_fwhm,R_e,R10,R90,x_start,x_end,y_start,y_end,area,greylevel
0,523.3863009422873,484.7415588631536,278.2233817963852,263.8040542373664,-0.4023555264304645,6240984.0,60.0,5.0,6.84291409549623,29.370389707289768,239.37600646527056,84.6472417624882,419.15337303869137,0,1023,0,1023,912036,6.84291409549623
1,28.313732640219786,116.98781526272498,35.74082018108693,14.388691777075845,-1.3809034480052007,482653.0,146.0,43.0,47.01470874732126,27.59342761875783,28.85100262331645,11.070199012698888,46.111929472835136,0,75,26,208,10266,75.01470874732125
2,262.4241745942921,123.91158365976497,3.370282641312516,3.0840058174873723,-1.0518653546279164,1787.0,19.0,9.0,9.211340206185566,5.352372348458314,4.222008245644752,1.692568750643269,6.506551687525748,255,270,116,131,194,38.21134020618557
3,466.5482912332838,338.2596582466568,3.8190047131326366,3.045223008889551,-1.1843846129099185,2692.0,28.0,10.0,11.40677966101695,5.232078956954491,4.3336224206596095,1.7841241161527712,7.001408606295148,459,474,330,348,236,69.40677966101696
4,139.03258339798293,428.64623739332814,5.400574516069834,3.16816953341488,0.1303533820960445,1289.0,9.0,4.0,4.52280701754386,6.699380116989518,5.262410103554244,2.111004122822376,8.07796550300118,128,151,420,436,285,33.52280701754386
5,684.2167718472564,445.4339287624345,11.304386647670372,8.355657801448395,-0.8588870540430555,46745.0,106.0,10.0,18.153398058252428,8.722159296752494,10.630146264057032,3.8678889139475245,21.29768972944957,657,713,403,485,2575,132.15339805825244
6,893.0745205479452,594.4706849315069,3.9743807155662894,3.0494904642735157,-1.5644690127665324,1825.0,17.0,7.0,7.9004329004329,5.670035141386943,4.51351666838205,1.8712051592547776,7.046725639945928,885,900,585,604,231,36.900432900432904
7,571.3926719524017,490.4911903283878,109.62102437116535,59.64993454973333,-0.3350786265769885,4412253.0,189.0,28.0,35.94415615096983,36.204973571387264,95.46647925431363,33.695865681379686,157.46853696442759,325,814,316,712,122753,62.94415615096983
