ID,X,Y,A,B,theta,total_flux,mu_max,mu_median,mu_mean,R_fwhm,R_e,R10,R90,x_start,x_end,y_start,y_end,area,greylevel
0,457.7217064530809,556.1228277411931,273.1288294318342,260.6238979309194,-0.013429882650873592,77771983.0,141.0,79.0,74.1691427230835,436.7002315662054,340.87884553257396,141.3483520459223,507.3015042547573,0,1023,0,1023,1048576,74.1691427230835
