ID,X,Y,A,B,theta,total_flux,mu_max,mu_median,mu_mean,R_fwhm,R_e,R10,R90,x_start,x_end,y_start,y_end,area,greylevel
0,511.7822376089632,607.8801003718308,329.56150041087017,297.75286476024917,-0.06201145648132806,48284862.0,123.0,71.0,64.46422115356373,395.9907586305956,299.33753476834863,128.5300151056264,430.44966199085326,0,1023,0,1023,749018,65.46422115356373
1,509.55086365951877,420.8249555842137,134.68318048133125,132.37977052284512,-0.2568945083744968,4911542.0,48.0,14.0,16.395963386055456,156.4179372438816,163.78706382956906,64.65327080175867,261.37448747424395,162,838,193,881,299558,109.39596338605546
