ID,X,Y,A,B,theta,total_flux,mu_max,mu_median,mu_mean,R_fwhm,R_e,R10,R90,x_start,x_end,y_start,y_end,area,greylevel
0,369.6045406637189,310.30951037588324,283.91552605794845,207.9770658172519,1.128588252043851,17677724.0,228.0,9.0,17.247451819459933,80.89581540507861,200.35245148732093,54.93248329560876,426.302261603865,0,1023,0,1023,1024947,17.247451819459933
1,914.733360978644,258.5266431681526,7.91997288356541,3.7430998917286047,1.1703032106562756,4823.0,19.0,10.0,9.862985685071575,9.044647077096718,7.046725639945928,2.876813695875796,10.71960208740737,904,925,241,275,489,45.86298568507157
2,253.38629044245158,415.8626071446267,12.812274905836938,11.947837000530082,-0.3270603800676073,201830.0,180.0,38.0,54.095416778343605,15.877702285203682,15.117754405994354,6.128667601500942,26.456822177241087,219,289,381,450,3731,91.0954167783436
3,510.3196219547504,512.1084088182984,28.74861591608527,12.60775580808826,-0.8893009663658515,338478.0,139.0,32.0,41.73588162762022,23.466488938440662,23.77642441290137,9.079772052293041,40.0177090472537,451,568,447,582,8110,102.73588162762022
4,328.8076996492138,674.5097762747513,24.735685026183717,23.066043127985076,0.7527907715741742,555324.0,147.0,45.0,49.14806620054872,33.39220764342811,30.922530590107066,12.11366408361762,48.13168760438001,268,387,602,735,11299,109.14806620054873
