ID,X,Y,A,B,theta,total_flux,mu_max,mu_median,mu_mean,R_fwhm,R_e,R10,R90,x_start,x_end,y_start,y_end,area,greylevel
0,504.1929396889221,534.6614418950046,301.9877678826716,289.0340657862923,0.5992659889632728,34006207.0,132.0,38.0,39.78134431721937,159.1254688167428,308.826679478481,122.07764152881926,469.4284497301614,0,1023,0,1023,854828,39.78134431721937
1,508.9351975144252,512.7410725093814,7.040473121723794,6.012405492516875,0.9837784581831864,24783.0,66.0,24.0,27.814814814814813,10.479356408358663,8.368283871884005,3.523362819972964,13.38687663054658,493,525,496,531,891,160.8148148148148
2,412.81498055831753,692.9681658224509,111.31448048114487,81.3585219958475,0.2242523166661429,8042771.0,184.0,22.0,42.00845625104463,106.61391900562037,99.34223528410385,40.511797950271536,178.29104989835602,0,933,423,941,191456,113.00845625104462
3,250.99905303030303,643.1805555555555,10.248045601186307,1.3468343164038434,0.24301442677952403,3168.0,29.0,13.0,13.037037037037036,5.753627391751592,4.787307364817192,1.9544100476116797,7.356132180109627,228,271,637,649,243,232.03703703703704
4,579.8670060451798,723.8665287941457,11.502387726510111,1.60123869046268,0.24386192070394583,6286.0,45.0,18.0,19.048484848484847,6.023896332520351,5.527906391541368,2.1850968611841584,8.685588237163813,556,607,717,731,330,223.04848484848486
5,740.6939439982635,761.8747558063816,27.05502426153865,2.8429105548398765,0.26868462824827505,9214.0,38.0,7.0,11.128019323671497,7.527227892173502,7.203090409536582,2.8209479177387813,13.110581167104948,713,834,750,787,828,112.1280193236715
