ID,X,Y,A,B,theta,total_flux,mu_max,mu_median,mu_mean,R_fwhm,R_e,R10,R90,x_start,x_end,y_start,y_end,area,greylevel
0,438.82620930853864,427.78318629899945,342.49396005213856,199.7135785175468,-0.7318630027905696,19145755.0,124.0,28.0,28.502667786184084,9.079772052293041,279.3405128492228,113.93417164512658,416.70967782146715,0,1023,0,1023,671718,28.502667786184084
1,106.13985605913247,442.5218829021591,4.190836509777343,3.451987629888315,-0.6157945279653213,5141.0,43.0,14.0,16.583870967741934,5.725898905580716,4.853342309955121,1.9544100476116797,7.837972188868215,96,117,433,451,310,64.58387096774193
2,815.387793588205,466.3252185839191,4.0431448115774735,3.707797645146882,-0.0570870785300898,5833.0,50.0,16.0,18.576433121019107,5.670035141386943,4.950743503369154,1.9544100476116797,8.018640596081465,805,825,457,476,314,89.57643312101911
3,509.77966915600007,512.7045586262853,6.784174206140835,6.129861535146855,0.13016155353736789,60391.0,186.0,33.0,55.20201096892139,8.866935315394846,7.817640190446719,3.1915382432114616,13.73891416768399,489,529,494,529,1094,124.20201096892139
4,717.3445823896296,771.9954360472749,142.11852982984743,138.35680389385897,-0.6400933751952433,14776884.0,209.0,31.0,39.595398676838236,104.02070928928333,154.11466113701158,56.10495935718612,267.7571485410497,296,1023,21,1023,373197,85.59539867683824
5,869.4680807248765,713.6949531111393,37.58746625369105,3.385914505897916,-0.5349566677108505,63128.0,71.0,29.0,32.48996397323726,15.777145844408118,13.207339536360731,5.382025607773058,20.91310076522677,807,937,675,754,1943,216.48996397323725
