ID,X,Y,A,B,theta,total_flux,mu_max,mu_median,mu_mean,R_fwhm,R_e,R10,R90,x_start,x_end,y_start,y_end,area,greylevel
0,491.8281676249435,456.25555927230766,322.7324467133581,266.53974082731236,0.926516638721772,8472152.0,85.0,8.0,11.599347753761984,27.50677370137891,209.1736209833332,82.0561333627519,363.2272519444489,0,1023,0,1023,730399,11.599347753761984
1,396.52126499454744,169.92202835332606,4.756794846503951,3.282120397536129,-0.48001299011765886,3668.0,29.0,12.0,12.476190476190476,5.917270272703197,5.077706251929807,2.0342144725641096,8.07796550300118,386,408,162,179,294,80.47619047619048
2,503.573576259712,524.7279145614907,160.2211440606757,101.10492627825352,0.9326348134090464,13908576.0,192.0,37.0,43.753758458300695,81.78803248735332,158.65970102415017,61.80387232371034,257.44669897102017,122,826,100,923,317883,80.7537584583007
