ID,X,Y,A,B,theta,total_flux,mu_max,mu_median,mu_mean,R_fwhm,R_e,R10,R90,x_start,x_end,y_start,y_end,area,greylevel
0,521.9122233079831,500.97655391962866,285.59223983810193,284.24570929845646,-1.1851479856665743,2989199.0,37.0,2.0,3.238214453239678,52.17457375622515,217.51465824789852,70.61165666646617,391.56586200394753,0,1023,0,1023,923101,3.238214453239678
1,613.0581923235658,45.734626496079244,3.833649054046565,3.3838644859400833,1.3606951405662353,2423.0,21.0,9.0,9.809716599190283,6.023896332520351,4.686510657907603,1.9544100476116797,7.247146419131151,604,621,37,55,247,31.809716599190285
2,865.8401122019635,80.89153810191678,3.478015411138323,2.7716209129648908,0.228204188878203,2139.0,27.0,10.0,11.198952879581151,4.787307364817192,3.949327084834294,1.5957691216057308,6.383076486422923,858,875,74,87,191,32.19895287958115
3,696.5516877637131,223.40928270042195,2.8060569256969257,2.583858492836404,0.006117317762667424,948.0,16.0,6.0,6.771428571428571,4.3336224206596095,3.431831258788849,1.381976597885342,5.440847306724618,690,702,218,230,140,27.771428571428572
4,510.12950663178157,511.7830183904963,102.5033535910666,61.82052844452507,-1.2759909235795674,5196869.0,178.0,38.0,42.91102982461935,52.69663601281765,101.69663962982033,38.261039799765676,163.33069197579226,339,689,265,760,121108,61.91102982461935
5,936.8305216358598,579.2192971771369,13.593578040692286,10.209998408735801,1.24874923523976,65678.0,69.0,20.0,23.31487397941072,14.873646859386387,15.10722305368455,5.781222885281108,24.253590861306396,910,967,544,613,2817,44.31487397941072
6,198.3088396444661,605.6740533300864,5.892598663429192,4.791461186680204,-1.4195582528595223,16426.0,75.0,22.0,26.708943089430893,7.569397566060481,6.746726148605861,2.7057581899030048,11.012541334134653,187,210,591,621,615,47.708943089430896
7,1020.3147532600358,933.4111480439785,3.6598311012209868,2.166612621401422,-1.5670308732237,3911.0,68.0,21.0,25.730263157894736,4.068428945128219,3.385137501286538,1.381976597885342,5.4700209598571305,1014,1023,924,943,152,47.73026315789474
8,737.9472329472329,988.2616902616902,3.681370442037014,3.0414008922837144,-0.04721546781309056,2331.0,25.0,11.0,11.370731707317074,5.262410103554244,4.370193722368317,1.692568750643269,6.770275002573076,729,746,982,996,205,35.37073170731707
