ID,X,Y,A,B,theta,total_flux,mu_max,mu_median,mu_mean,R_fwhm,R_e,R10,R90,x_start,x_end,y_start,y_end,area,greylevel
0,487.91416770968516,505.58309667505705,271.04354925630685,254.5938798980448,-1.0762148385499692,4684321.0,86.0,3.0,4.826221566498179,8.097643889049511,224.572968914248,72.37477106727495,409.97293303509605,0,1023,0,1023,970598,4.826221566498179
1,946.3114586573066,83.66103878793264,5.593387114178654,4.917727175490723,0.49250704025854924,22507.0,97.0,33.0,38.34241908006814,8.136857890256438,6.746726148605861,2.7057581899030048,10.837727990765352,932,960,70,96,587,68.34241908006814
2,343.0937600128164,240.17666613264979,14.371608517395774,6.877225628713841,0.5298741534200827,24968.0,38.0,13.0,13.613958560523447,12.514330345744634,12.69113085619237,4.886025119029199,19.899183360445615,308,371,218,267,1834,48.61395856052344
3,504.0471900874453,514.8109077522139,62.27555783689382,58.06210317175521,-0.13238611774564712,4028346.0,185.0,45.0,53.534260046778655,70.5372371938314,76.94933724724908,31.31633374666101,124.00368535558353,346,679,358,688,75248,82.53426004677866
4,44.20764705882353,660.9576470588236,3.345874581911824,2.6258176044319805,0.8746026815008715,1700.0,22.0,11.0,11.409395973154362,4.886025119029199,3.8678889139475245,1.5957691216057308,5.997417539138688,38,50,654,668,149,39.40939597315436
5,505.6216216216216,750.3628522139161,2.9929473482152575,2.812480211518898,-0.42989470619999137,1739.0,24.0,11.0,10.86875,4.853342309955121,3.7846987830302403,1.4927053303604616,5.890312181373172,499,512,744,757,160,42.86875
