ID,X,Y,A,B,theta,total_flux,mu_max,mu_median,mu_mean,R_fwhm,R_e,R10,R90,x_start,x_end,y_start,y_end,area,greylevel
0,520.3750797835044,497.9883025459487,292.5941161442532,274.2072296064848,-0.8641646475783238,4927397.0,157.0,4.0,6.025701637459798,10.155412503859614,218.76810310729454,78.52578630712584,387.5341821440179,0,1023,0,1023,817730,6.025701637459798
1,852.144023043687,378.5055208833413,5.441988069798771,3.2321704782227827,-0.24418224697557186,2083.0,17.0,5.0,6.144542772861357,5.556622981616415,5.201570947860099,1.9544100476116797,8.387281135541944,839,865,371,389,339,31.144542772861357
2,34.81117552028889,422.8102252209446,5.173189017225009,4.83615923724705,-0.06227801036120702,10523.0,50.0,19.0,20.796442687747035,7.756324418739616,6.383076486422923,2.5854414729132054,10.217907939900583,21,48,410,434,506,42.79644268774704
3,667.1379697139653,570.5620229705675,8.325762553461825,7.657527862356205,1.2471080494723779,82018.0,172.0,39.0,55.119623655913976,10.61516366850092,9.788323438736636,3.949327084834294,16.925687506432688,645,689,545,591,1488,129.11962365591398
4,1015.0761697497279,591.0968443960827,7.912810339241925,5.0676823428333035,0.9887807335864414,8271.0,33.0,10.0,11.79885877318117,7.837972188868215,7.377736139048903,2.9316150714175193,12.100518486599809,997,1023,575,610,701,34.798858773181166
5,486.00819646845696,405.53701124620716,107.78606391790689,102.65706069416676,-0.09650315185604112,10146443.0,207.0,40.0,45.168776765761194,40.94555129107466,134.7043245850221,53.27037296029092,210.78352381894916,179,771,57,671,224634,66.1687767657612
6,836.6615831236694,985.5808554286821,12.452504817255992,11.49150323532577,0.07641888019143882,129175.0,110.0,29.0,40.64663310258024,17.58969042850512,14.85223051010746,6.282549314314218,24.977737626138797,802,869,949,1015,3178,61.64663310258024
