ID,X,Y,A,B,theta,total_flux,mu_max,mu_median,mu_mean,R_fwhm,R_e,R10,R90,x_start,x_end,y_start,y_end,area,greylevel
0,494.4710455676558,532.7002832436424,310.2289716596104,287.98547135054764,1.4076144943558244,10017171.0,63.0,11.0,13.78993050775593,149.55387812621322,227.14709855331452,89.71856219208875,379.40312775437974,0,1023,0,1023,726412,13.78993050775593
1,637.725671918443,328.104031510658,4.650640025510277,3.549043514166833,1.3798583203374197,4316.0,32.0,12.0,13.403726708074535,6.231677632421503,5.232078956954491,2.111004122822376,8.349243383340204,629,646,318,340,322,122.40372670807453
2,204.27065908330545,442.98628303780526,4.750741656488452,2.9543250190621912,-1.2481320647587393,2989.0,24.0,11.0,11.72156862745098,6.282549314314218,4.853342309955121,1.9544100476116797,7.590394548326596,197,211,432,453,255,95.72156862745098
3,648.5928571428572,494.4921052631579,3.9004003820897197,2.9834122200112545,-0.764391639432384,2660.0,26.0,11.0,11.822222222222223,5.725898905580716,4.442433223290478,1.7841241161527712,6.886811529393324,640,657,486,502,225,132.82222222222222
4,477.2244197801022,543.3187894423879,145.00832014235493,117.34145798912668,1.3748907708324596,11627402.0,132.0,35.0,36.552432867445035,104.99991056120845,167.7788269855989,63.65848852278727,261.65078901228475,156,799,154,908,318102,74.55243286744503
5,6.385859972543636,610.6506177681898,4.624130913957729,3.8646340623583058,1.3327630336070255,10198.0,59.0,33.0,31.67080745341615,7.54834217738561,5.556622981616415,2.326213245840639,8.33015937350939,0,16,600,621,322,70.67080745341615
6,733.3527157989632,692.2044173991436,4.427164295064279,3.698776148088725,-1.1059945544648433,4437.0,31.0,13.0,13.694444444444445,6.4820448144285745,5.262410103554244,2.111004122822376,8.253382073025046,724,743,682,702,324,88.69444444444444
7,537.3533735806562,743.6525071162689,5.35748972575281,4.903010463880507,0.5622636079084037,31969.0,136.0,43.0,55.11896551724138,8.058239062071396,6.506551687525748,2.7057581899030048,10.630146264057032,524,551,732,756,580,174.11896551724138
8,117.77424462852449,834.170600635373,9.03913922524846,8.47965497265311,0.8871148494717067,101043.0,198.0,29.0,49.676991150442475,10.509687459947386,10.37249929043725,4.068428945128219,19.040876039808087,92,142,807,859,2034,88.67699115044248
