ID,X,Y,A,B,theta,total_flux,mu_max,mu_median,mu_mean,R_fwhm,R_e,R10,R90,x_start,x_end,y_start,y_end,area,greylevel
0,507.18247273013117,462.2194994321441,302.2848750098902,251.01933893193987,-0.3673485464626781,12238141.0,201.0,12.0,14.401489556745663,18.601151746109178,262.8203160743616,97.57707371882776,431.82696267531924,0,1023,0,1023,849783,14.401489556745663
1,353.7225837527772,112.74480716388916,134.3309127931488,97.98468520800276,-0.3464921350082241,5551398.0,196.0,18.0,31.65390185770165,69.32648102629366,94.50807058826864,35.16580594589049,180.91669537834434,13,861,0,825,175378,62.65390185770165
2,509.6234049608309,512.9043420592955,34.791547685887274,27.024560716421032,-0.39841870317850964,337766.0,115.0,15.0,18.531080265540133,12.590406002966217,36.7936400202489,11.311965976163641,63.01015164535332,422,595,436,591,18227,59.53108026554013
3,240.52224889646092,558.6756369550066,17.02133333582913,10.234714123494372,0.8464429459347269,129130.0,209.0,26.0,37.256203115983844,9.18434101276213,13.73891416768399,4.61809077155419,25.507359866510456,209,282,525,606,3466,69.25620311598384
4,628.0070671378091,629.0468197879859,3.773163927951283,3.478536265545433,0.054114814992998354,2264.0,21.0,8.0,9.0199203187251,5.585191925620057,4.652426491681278,1.8712051592547776,7.377736139048903,619,636,621,637,251,44.0199203187251
5,129.96603200143022,660.2485921158487,4.7472941689876444,4.200073153259133,0.5744089973480045,11187.0,68.0,23.5,27.285365853658536,6.840435166640879,5.753627391751592,2.326213245840639,9.218933756735217,119,141,649,671,410,65.28536585365853
6,757.9137380191693,712.9086261980831,3.466141645397247,2.7958392587063092,1.384988608744345,1565.0,20.0,9.0,9.046242774566474,4.982787485166879,4.029119531035698,1.5957691216057308,6.257165172872317,751,764,706,721,173,41.04624277456647
7,169.41220938199424,980.39711323254,6.232472425807312,6.151238801458743,0.7138215399829881,43786.0,153.0,38.5,49.30855855855856,8.481629223064205,7.797255174810172,3.0901936161855166,12.939513133525306,154,188,964,997,888,81.30855855855856
