ID,X,Y,A,B,theta,total_flux,mu_max,mu_median,mu_mean,R_fwhm,R_e,R10,R90,x_start,x_end,y_start,y_end,area,greylevel
0,522.1389576811845,494.30877543777973,283.65014612748206,273.1246091829613,-0.2920544314194116,4717098.0,56.0,3.0,5.396921175925449,73.55699453724353,205.22623908794077,69.20240051931097,387.2708428128679,0,1023,0,1023,874035,5.396921175925449
1,506.28801715118846,512.199408818736,103.83771937751943,90.61327352110163,1.165719477223752,8684646.0,209.0,47.0,49.989616011143795,44.59953451284562,124.86957105201006,48.30003266915046,196.9449996091285,266,753,263,767,173729,81.9896160111438
2,293.94317160018704,602.1660612164155,6.359289074634115,5.63343844572365,0.489159792281621,27803.0,76.0,45.0,42.577335375191424,10.940041919714261,7.998767850296815,3.431831258788849,11.914957374576321,280,309,589,616,653,137.5773353751914
3,119.1863354037267,1011.4010647737356,3.2675084692000143,2.703155837244387,0.38426384404403763,1127.0,14.0,7.0,7.088050314465409,5.262410103554244,3.8678889139475245,1.5957691216057308,5.970821321441846,112,126,1006,1017,159,41.088050314465406
