ID,X,Y,A,B,theta,total_flux,mu_max,mu_median,mu_mean,R_fwhm,R_e,R10,R90,x_start,x_end,y_start,y_end,area,greylevel
0,446.5176373821683,445.9429414306165,296.5113982783333,237.8852622720695,0.9241430852144883,5170722.0,162.0,3.0,5.7365844241861454,34.74235294865525,196.11087090793905,39.41258992475499,388.80113152914146,0,1023,0,1023,901359,5.7365844241861454
1,758.8067666550401,418.4942448552494,4.942317918722714,3.9460439183701586,1.2935373957170087,2867.0,16.0,9.0,8.43235294117647,7.756324418739616,5.753627391751592,2.326213245840639,8.83096382707056,750,768,408,429,340,34.43235294117647
2,58.27679007276626,416.67607381555234,14.055287361460994,11.565435848230665,-0.6560992287360929,219195.0,229.0,35.0,53.38407208962494,12.964089628857149,15.170301503624794,5.556622981616415,27.61072576753785,20,97,381,458,4106,79.38407208962494
3,203.70987244050207,486.3794958971344,13.228756781336633,10.198392657011514,-0.30897302489681944,78238.0,79.0,25.0,28.13304566702625,15.817445133157866,14.873646859386387,5.808687281605183,23.8365926012521,170,238,460,510,2781,54.13304566702625
4,941.7134112409572,508.7573734001113,4.2874065067783285,3.6410621892535144,-0.4502125739926719,7188.0,53.0,21.5,23.801324503311257,6.257165172872317,5.108953969950291,2.111004122822376,8.07796550300118,931,951,500,518,302,48.80132450331126
5,504.56524242503997,505.8354466791865,111.08369492896531,64.26965258552093,1.1452142941941605,6459110.0,191.0,44.0,46.32610613439291,56.7732851568153,109.60680510054395,37.424103185095554,173.4623789793665,315,699,243,765,139427,71.3261061343929
6,983.8149368478857,633.4415156507414,3.306375319743074,2.972532936866743,1.4112317798456648,1821.0,21.0,9.5,9.58421052631579,5.262410103554244,4.1073621666150775,1.692568750643269,6.3078313050504,977,991,626,641,190,36.584210526315786
7,1021.9077155824508,921.8608169440242,3.5494618426611675,1.1815774118730604,1.4897506300007908,661.0,24.0,8.0,9.309859154929578,2.8209479177387813,2.326213245840639,0.7978845608028654,3.742410318509555,1018,1023,915,931,71,36.309859154929576
