ID,X,Y,A,B,theta,total_flux,mu_max,mu_median,mu_mean,R_fwhm,R_e,R10,R90,x_start,x_end,y_start,y_end,area,greylevel
0,477.6955817247947,513.5939583841298,272.82199472525326,264.4698540800617,-1.3804311217258622,9498684.0,91.0,7.0,11.831250537150915,76.57613677430973,199.05500828231396,79.87418261729954,370.72579420271506,0,1023,0,1023,802847,11.831250537150915
1,509.10763984906856,499.0469131616444,118.71069601773527,108.8344006985283,1.4806827780637752,7579600.0,143.0,27.0,30.99204304768447,56.2720778695469,142.54470623161035,53.89708731752833,228.61098377512488,201,798,190,824,244566,75.99204304768448
2,423.8701259445844,566.2709823677582,4.798255934079602,4.631057456602626,-1.2293804205739154,19850.0,108.0,36.0,42.59656652360515,7.158763278359629,6.050259243299904,2.393653682408596,9.755749892701914,413,435,554,578,466,172.59656652360516
3,408.0304976886594,842.7740889716035,5.468427240845646,4.993623427273699,-0.5322056958488912,16657.0,77.0,24.0,28.968695652173913,7.48482063701911,6.627726932618989,2.6462837142006137,10.852403323135505,395,423,830,856,575,74.9686956521739
4,659.4110854503464,918.7567359507314,2.73853748229332,2.390906031126932,-1.3782313336535479,1299.0,22.0,10.0,10.647540983606557,4.3336224206596095,3.3377905890622728,1.381976597885342,5.201570947860099,654,665,913,925,122,57.64754098360656
