ID,X,Y,A,B,theta,total_flux,mu_max,mu_median,mu_mean,R_fwhm,R_e,R10,R90,x_start,x_end,y_start,y_end,area,greylevel
0,483.7826595201272,540.5096388058998,316.1551162398116,302.3276360495647,0.566384607155668,8611907.0,255.0,10.0,14.08520726511453,21.95995167500245,191.79956607422417,64.33245790549003,339.3613242117115,0,1023,0,1023,611415,14.08520726511453
1,466.1854130284139,567.3200169692966,179.66219931795132,141.6768708040214,-1.078566477616976,16366029.0,166.0,37.0,38.94642793400584,78.72416073860937,198.39026971285546,68.79180967160565,310.54421520506656,86,867,208,1023,420219,79.94642793400584
2,389.54646634659144,946.2139108588905,46.116609222429645,17.356959385261938,-0.9297660265813984,604233.0,107.0,31.0,36.86820428336079,37.24505986018763,35.03431062722223,13.704117368456696,57.46984756411846,312,471,841,1023,16389,142.8682042833608
3,675.1871087410155,915.3236726176675,6.728073812038292,4.555698615208672,-0.5601876290086284,4313.0,19.0,7.0,7.799276672694394,7.442171739215616,6.770275002573076,2.7057581899030048,11.11324596323283,659,688,902,929,553,74.79927667269439
