ID,X,Y,A,B,theta,total_flux,mu_max,mu_median,mu_mean,R_fwhm,R_e,R10,R90,x_start,x_end,y_start,y_end,area,greylevel
0,498.77281202029985,563.3074808790749,329.79203859744445,250.4592996613389,0.5318600885352279,10509821.0,83.0,15.0,16.413516784707525,19.867165345562018,233.0321542037512,95.35471618561917,364.7523837319301,0,1023,0,1023,640315,16.413516784707525
1,252.62917063870353,256.08674928503336,6.255920058940038,2.723275931329132,0.20519540789546883,1049.0,9.0,4.0,4.0346153846153845,5.917270272703197,5.046265044040321,1.9544100476116797,7.756324418739616,241,265,250,263,260,49.034615384615385
2,510.09405815423514,511.4576485461441,4.3451539331263005,3.981144941676083,-1.443174584563228,3955.0,29.0,11.0,12.169230769230769,6.206085419025319,5.322553886092406,2.111004122822376,8.462843753216344,501,522,500,521,325,82.16923076923077
3,653.4264558568627,300.13136462169007,159.37840875733278,123.08106328043232,0.8263331809736153,15470185.0,174.0,30.0,37.96373733432475,100.97102230135452,171.96124597300397,60.9272508215771,292.0388290356954,245,1023,0,778,407499,70.96373733432475
4,318.363238512035,905.1692195477754,3.1649968536676134,2.776406289834913,1.0993818608324406,1371.0,20.0,7.0,7.745762711864407,4.583497844237541,3.7846987830302403,1.4927053303604616,6.023896332520351,311,325,898,914,177,50.74576271186441
