ID,X,Y,A,B,theta,total_flux,mu_max,mu_median,mu_mean,R_fwhm,R_e,R10,R90,x_start,x_end,y_start,y_end,area,greylevel
0,383.92560356232394,547.8787193438411,223.4331522304229,175.50496054048216,-0.3013548697363467,41575781.0,217.0,19.0,39.75918388815041,199.32667077833457,224.14805541234506,88.7016559410868,405.181617941787,0,1023,0,1023,1045690,39.75918388815041
1,193.31227140875268,398.33703283306005,7.185485118681596,6.626503394726075,-1.1433660423897454,23787.0,73.0,33.0,29.439356435643564,10.045109950630787,9.044647077096718,3.5682482323055424,13.481652161769508,178,208,382,414,808,183.43935643564356
2,619.4685314685315,873.7249417249417,3.3941037769094673,2.488035322363628,-0.908529892582002,1287.0,18.0,8.0,7.753012048192771,4.918490759365935,3.7846987830302403,1.4927053303604616,5.836022431559495,613,626,866,880,166,45.75301204819277
3,299.8653685674548,952.689939731108,6.212857648186575,5.065367662203905,-0.21553367185874148,10785.0,42.0,15.0,17.39516129032258,8.611980229936854,7.203090409536582,2.9316150714175193,11.507254783503184,284,315,940,965,620,57.395161290322584
4,5.938512715956648,957.7792681618199,20.029563308965955,4.008556127551302,-1.4733447475460493,9319.0,19.0,7.0,7.212848297213622,11.71288013023329,10.793582275744573,4.259537945889915,16.622063085174787,0,21,917,1015,1292,64.21284829721363
