ID,X,Y,A,B,theta,total_flux,mu_max,mu_median,mu_mean,R_fwhm,R_e,R10,R90,x_start,x_end,y_start,y_end,area,greylevel
0,424.0371642945239,468.01910872451407,353.666622826183,266.99347440594727,-0.7828024665500356,23541655.0,116.0,47.0,45.864149186329,198.92063809819535,249.34243591824804,104.62180487929851,363.9145271577169,0,1023,0,1023,513291,49.864149186329
1,82.75288391564051,201.65854150604883,71.43152967770314,28.491028950870696,1.2053717536490856,277574.0,21.0,8.0,8.746069256703532,61.7523476191943,54.682749298206744,22.147585299739145,84.91006372664467,0,172,52,363,31737,83.74606925670354
2,361.4405737704918,327.09938524590166,4.589679402838482,3.7180771925427445,1.4768183603225526,976.0,8.0,3.0,3.003076923076923,6.506551687525748,5.232078956954491,2.0342144725641096,8.214724333230155,352,370,317,339,325,151.00307692307692
3,499.6807963421604,342.6218327300438,14.901336110266357,6.688814521977093,0.925444013837646,10498.0,14.0,7.0,6.7424534360950545,16.05711704537494,12.244343853084386,5.140011726956917,18.805379112110224,478,521,315,376,1557,124.74245343609506
4,440.23096129837705,403.74556803995006,5.839577878235631,5.197663743374104,0.6148590034542792,4005.0,16.0,7.0,7.3083941605839415,8.83096382707056,7.136496464611085,2.9316150714175193,11.170383851240114,428,454,392,419,548,161.30839416058393
5,689.1385098253276,662.0474890829694,7.697444899011475,5.721975382563515,0.9625364179958216,14656.0,42.0,15.0,16.302558398220246,10.124020118074668,8.462843753216344,3.431831258788849,13.410633306963609,672,707,646,681,899,165.30255839822024
6,614.7283085248368,588.5514880825218,266.4480462465899,110.48885530602261,0.9660041968534274,15798015.0,104.0,29.0,31.655732711894633,153.11589743424662,210.6966736249587,79.64470736885522,335.18464697553446,221,1023,0,1023,499057,102.65573271189463
7,454.2430949167791,763.4106162843005,5.507357958558004,4.409127777642473,1.4528900061362502,11115.0,48.0,28.0,25.493119266055047,8.95623198216277,6.6036697681803656,2.763953195770684,9.755749892701914,444,465,751,776,436,130.49311926605503
8,338.3434108527132,940.3595348837209,7.357597378544996,5.427517325050089,-1.1355207896162098,6450.0,25.0,6.0,8.884297520661157,7.756324418739616,7.2909362219603215,2.9316150714175193,12.628271971179554,319,351,925,961,726,80.88429752066116
