ID,X,Y,A,B,theta,total_flux,mu_max,mu_median,mu_mean,R_fwhm,R_e,R10,R90,x_start,x_end,y_start,y_end,area,greylevel
0,500.017515833098,520.9683769913623,301.48145489120907,246.97764198836535,-0.326316077653922,4769913.0,71.0,4.0,5.149375640310091,6.840435166640879,227.60557408956302,81.04716411626445,401.78538474897493,0,1023,0,1023,926309,5.149375640310091
1,914.7957321952521,201.0410242731395,4.817488711921298,4.509050493706656,0.23332876199934635,18745.0,116.0,28.0,37.41516966067864,6.4820448144285745,5.863230142835039,2.326213245840639,9.755749892701914,902,928,190,214,501,59.41516966067864
2,583.3872707659116,220.06796116504853,3.670120332815231,2.21405707210066,-0.1814087647425821,927.0,13.0,7.0,6.8161764705882355,4.787307364817192,3.742410318509555,1.4927053303604616,5.670035141386943,576,591,215,225,136,28.816176470588236
3,844.0732009925558,383.48511166253104,4.258884072591611,2.996213301848724,-0.018846423850643165,1612.0,16.0,6.0,6.801687763713081,5.556622981616415,4.54864184146723,1.7841241161527712,7.1809610472257885,833,852,377,391,237,38.80168776371308
4,517.3472720089824,511.34061328971507,116.03741618648347,49.01826683053868,-0.16752446444854469,4328460.0,170.0,33.0,37.89548331742849,55.155122901308886,94.05905047677378,34.015532279799466,155.25160611603667,230,813,352,660,114221,58.89548331742849
5,891.1592753349688,636.6935270805812,4.683220472480791,3.5007684159902035,-0.18423959812878848,5299.0,41.0,13.5,15.677514792899409,5.970821321441846,5.201570947860099,2.0342144725641096,8.33015937350939,880,902,628,646,338,38.67751479289941
6,221.95371997656707,791.0497949619215,4.85181754927595,2.9306676290986022,0.9556932333051891,1707.0,14.0,7.0,7.053719008264463,6.506551687525748,4.886025119029199,2.0342144725641096,7.48482063701911,214,231,781,799,242,29.053719008264462
7,111.83228793570368,808.6487769721324,18.60319123508414,14.230706346294252,-0.6858661301655482,228940.0,128.0,28.0,37.057300097118805,20.16139193252045,20.287303488528025,7.858251581595959,34.09964830067001,57,160,759,852,6178,59.057300097118805
8,423.47668308702794,847.0643678160919,5.749401374158302,3.6204866448646498,-0.8974856638151734,6090.0,38.0,14.0,14.710144927536232,6.746726148605861,5.836022431559495,2.326213245840639,9.25339718068125,413,434,836,861,414,37.710144927536234
