ID,X,Y,A,B,theta,total_flux,mu_max,mu_median,mu_mean,R_fwhm,R_e,R10,R90,x_start,x_end,y_start,y_end,area,greylevel
0,380.2994104022471,378.28144484202744,317.2357185116742,249.2380996119686,0.5577094595354033,10319578.0,227.0,7.0,13.05822790576433,68.75015272668932,167.55670762848177,44.809583372838354,365.8859709827303,0,1023,0,1023,790274,13.05822790576433
1,287.139951901097,370.9565721551176,183.26015052807628,101.47521642302165,0.7529105109852696,9241375.0,195.0,34.0,36.06348023242655,29.59173021118583,152.7839559423767,55.40272766272698,240.01211082406934,0,676,0,642,256253,68.06348023242654
2,849.5382625464465,774.9016509101172,4.8737020806366775,4.628219903203531,0.5004565577006884,21261.0,123.0,36.0,44.2016632016632,6.699380116989518,6.023896332520351,2.393653682408596,9.885400096021595,837,862,763,787,481,74.20166320166321
3,445.0625,865.1966403162055,3.4019745563495034,3.1554509896434215,-1.3640398770860136,4048.0,46.0,16.0,18.4,5.108953969950291,4.222008245644752,1.692568750643269,6.699380116989518,438,453,856,873,220,51.4
4,971.0277975043117,955.182104088465,10.587945647891537,7.448724769757511,0.9786467781977037,29571.0,57.0,20.0,21.93694362017804,11.213046198183495,10.479356408358663,4.145929793656026,16.906870727400857,954,996,932,976,1348,53.93694362017804
