ID,X,Y,A,B,theta,total_flux,mu_max,mu_median,mu_mean,R_fwhm,R_e,R10,R90,x_start,x_end,y_start,y_end,area,greylevel
0,496.4747575320369,392.78403203026835,199.1391560703869,158.54305718868682,1.002762370592173,25027327.0,214.0,7.0,23.87347424289252,126.109939510733,193.48906238727434,75.64560016237564,353.41918121178094,0,1023,0,1023,1048332,23.87347424289252
1,890.7455383998396,999.888710647684,3.5378310507718767,3.4032148176473647,1.2072188847578507,4987.0,50.0,18.5,20.438524590163933,5.527906391541368,4.478115991081385,1.7841241161527712,7.1141599576634995,882,899,991,1008,244,58.43852459016394
