ID,X,Y,A,B,theta,total_flux,mu_max,mu_median,mu_mean,R_fwhm,R_e,R10,R90,x_start,x_end,y_start,y_end,area,greylevel
0,520.491252791308,504.50429682949766,319.2679700391519,291.1313201644635,-1.0055198868520492,5854782.0,43.0,6.0,7.31713297681551,81.89498947977508,246.7831278950376,89.62449429619092,409.8296590943578,0,1023,0,1023,800147,7.31713297681551
1,52.945509586276486,67.07891019172553,3.8047113015776906,3.4811791942314727,-0.5234440367899267,4955.0,52.0,17.0,18.627819548872182,5.140011726956917,4.686510657907603,1.7841241161527712,7.442171739215616,44,62,58,75,266,42.62781954887218
2,513.6456778331647,529.5916718298247,156.4186489724891,76.17684046352507,-1.5069236072600454,11389993.0,186.0,39.0,46.49887733106895,98.83145838970404,137.8055434651486,54.717664327388235,224.92987029204554,302,733,90,939,244952,69.49887733106894
3,740.5992338999282,170.58032080440506,6.235884520466041,6.068089973356436,-1.2927464298150646,37593.0,139.0,26.0,39.159375,8.07796550300118,7.569397566060481,2.985410660720923,12.951807210534664,725,757,155,195,960,63.159375
4,821.6570351758794,213.55632328308207,5.386349802903373,5.024523420472792,1.1344759616968592,9552.0,44.0,15.0,17.367272727272727,7.817640190446719,6.651697090182843,2.6462837142006137,10.71960208740737,809,835,200,226,550,41.36727272727273
5,841.7565217391304,414.5001610305958,3.962242781406076,3.589555575272552,-0.5270121201310445,3105.0,25.0,11.0,11.585820895522389,5.970821321441846,4.853342309955121,1.9544100476116797,7.673807981960539,833,851,406,424,268,35.58582089552239
6,659.6384125428712,551.9441450269476,3.22244996336003,3.0813454561191866,-0.761837271460754,4082.0,48.0,19.0,19.91219512195122,4.950743503369154,4.068428945128219,1.5957691216057308,6.432750982580687,652,667,545,560,205,112.91219512195121
7,627.1883659051289,930.0667951188183,7.388674392908207,6.542302017315968,0.775087901271078,54495.0,162.0,27.0,44.377035830618894,8.812923024107548,8.42514715711158,3.3377905890622728,14.916387312029334,606,647,909,948,1228,71.3770358306189
