ID,X,Y,A,B,theta,total_flux,mu_max,mu_median,mu_mean,R_fwhm,R_e,R10,R90,x_start,x_end,y_start,y_end,area,greylevel
0,637.5806439136331,496.642376730892,317.31103181395565,223.07747379420016,0.6506094637978325,10988337.0,95.0,14.0,17.628979754889613,68.87504797673125,213.17334327081448,84.94941688836198,352.00682905967943,0,1023,0,1023,623311,17.628979754889613
1,194.48729966737224,212.44677955851225,4.07826101575527,3.8218916344707354,-0.3465056270451591,6614.0,48.0,20.0,21.335483870967742,6.506551687525748,5.140011726956917,2.111004122822376,8.03846421247924,185,204,203,221,310,71.33548387096774
2,653.4656011118833,361.7314107018763,3.467356891446545,3.2318631864433627,0.7152722535942428,2878.0,28.0,13.0,13.448598130841122,5.585191925620057,4.3336224206596095,1.7841241161527712,6.793742230659745,646,662,354,369,214,68.44859813084112
3,263.74279718011513,750.05105518066,218.31587820731903,123.01176320375697,-0.41018363179301726,14058730.0,155.0,25.0,33.28983479078314,101.68255368066781,177.58623337281875,63.60095937659755,307.267405888099,0,921,415,1023,422313,81.28983479078315
4,937.5085751931656,997.784879016377,10.097093949546156,9.593724859335998,0.09096035446528071,139647.0,206.0,37.0,57.51523887973641,12.27031279816994,11.87481703351337,4.686510657907603,21.177786230693734,907,966,971,1023,2428,106.51523887973642
