ID,X,Y,A,B,theta,total_flux,mu_max,mu_median,mu_mean,R_fwhm,R_e,R10,R90,x_start,x_end,y_start,y_end,area,greylevel
0,479.8973651181857,640.0234999420903,272.7848674200838,254.89314135961627,-1.5240593931833177,5707163.0,95.0,3.0,5.840495675782437,8.920620580763856,211.6929237035507,72.74327149585271,397.05480784031295,0,1023,0,1023,977171,5.840495675782437
1,229.3884764364106,147.28373143963847,4.433138810434539,3.294430762511403,0.39274693705913266,6196.0,48.0,21.0,21.588850174216027,6.358093703724522,4.982787485166879,2.0342144725641096,7.776816725043752,219,240,139,155,287,57.58885017421603
2,465.99795552622555,125.29660397378416,11.435716671643696,11.06802641894945,0.31962087252312205,154563.0,220.0,31.0,48.406827435014094,10.983598994121039,13.219384536161321,4.787307364817192,24.573031031817198,435,501,95,155,3193,83.4068274350141
3,509.2716784412033,512.7018193558189,31.67248050543047,9.580047825035873,0.03228799953686999,105312.0,70.0,15.0,18.879885263535318,14.86294254216004,20.73732519478588,7.2909362219603215,34.595450164018,432,573,486,542,5578,55.879885263535314
4,180.33789909341743,749.0876034686638,12.115318815732854,3.672415576996703,-1.132521044330849,10148.0,27.0,12.0,12.63760896637609,10.645107772184812,8.611980229936854,3.523362819972964,13.398760233979036,164,194,722,772,803,51.63760896637609
5,620.7071503680337,823.2639327024185,2.972535985795746,2.659365653630994,-1.1035881052772467,1902.0,31.0,12.0,12.596026490066226,4.145929793656026,3.656366395715726,1.381976597885342,5.725898905580716,615,627,817,830,151,49.59602649006622
6,422.19296491873627,829.5994932498265,75.8013647250688,36.985066084093994,0.7428910336204316,1975727.0,199.0,26.0,43.001066469333566,42.333020908207594,48.0886818609664,18.44649745427224,92.5202110852245,281,663,656,1023,45946,77.00106646933357
7,566.9589463170191,967.6419893119346,21.557778902567872,19.136045143730133,0.8712934058996944,531621.0,160.0,42.0,57.089884020618555,29.429937144107093,25.281737508665255,10.749255261864239,42.40063958439837,512,619,902,1023,9312,131.08988402061857
8,900.1426232585301,974.8521870915714,17.08588517639607,15.919166883684133,0.6322261757524335,287688.0,162.0,37.0,46.892909535452326,19.065935330370994,20.505788442505388,7.715176518808164,34.54020054106298,856,943,931,1023,6135,82.89290953545232
