ID,X,Y,A,B,theta,total_flux,mu_max,mu_median,mu_mean,R_fwhm,R_e,R10,R90,x_start,x_end,y_start,y_end,area,greylevel
0,488.4743252220313,539.4638339091608,313.3863817544172,259.5343361247588,1.425204888049115,6114678.0,52.0,5.0,6.947487183682373,65.69841745926763,234.45047320438854,86.21769407755038,410.88227329065967,0,1023,0,1023,880128,6.947487183682373
1,30.524460371697643,66.6480123343612,11.234474363882297,6.875033088869084,-0.13990564795301802,23998.0,42.0,13.0,15.036340852130326,12.205286835384658,11.012541334134653,4.370193722368317,18.098090310392436,0,64,48,86,1596,42.03634085213032
2,73.07261146496815,106.58089171974522,2.465411107607584,2.0349014460319768,1.5175097806613647,785.0,18.0,7.0,7.85,3.5682482323055424,2.8209479177387813,1.1283791670955126,4.583497844237541,68,77,101,113,100,35.85
3,641.0088087248322,116.49958053691275,3.650545765713145,3.257636602223247,1.5517820990277817,4768.0,48.0,18.0,20.28936170212766,5.352372348458314,4.478115991081385,1.7841241161527712,7.069275219628611,634,649,108,125,235,47.28936170212766
4,205.56264025381103,325.84957053315793,5.0960175566068,5.0643244326426435,1.2172171390921678,12923.0,60.0,21.0,23.711926605504587,7.898654169668588,6.555290583552474,2.6462837142006137,10.433694507453072,193,218,314,339,545,51.71192660550459
5,511.93543516103625,519.0073599304744,141.31821364408378,57.642106092701965,1.2030254839413832,5707255.0,178.0,39.0,38.716090168438335,24.488687706168772,118.49727426918122,45.03985906560208,180.80493718666895,314,719,173,828,147413,64.71609016843833
6,322.58257575757574,616.4931818181818,5.32062008876025,2.4837441721268756,0.9359787821645069,1320.0,17.0,5.0,6.346153846153846,4.61809077155419,4.029119531035698,1.5957691216057308,6.6755811781245455,315,334,609,631,208,33.34615384615385
7,273.13146357384664,895.4083934237093,30.23534019910072,26.55064159737287,-1.390014573676713,658730.0,137.0,25.0,36.4120280802609,33.60126733166334,34.13230410377644,13.796713809378915,58.34113139941043,199,351,816,978,18091,62.4120280802609
8,131.40894386298763,923.3187440532826,3.6747046675207025,3.445943312274308,-0.08131345917305285,5255.0,50.0,18.0,20.21153846153846,5.556622981616415,4.583497844237541,1.8712051592547776,7.269074295019226,122,140,915,931,260,47.21153846153846
