ID,X,Y,A,B,theta,total_flux,mu_max,mu_median,mu_mean,R_fwhm,R_e,R10,R90,x_start,x_end,y_start,y_end,area,greylevel
0,524.0940500395799,513.8824357790197,319.2976140410972,267.65840882332003,0.4858828622779759,7179157.0,118.0,7.0,9.256059369508405,8.79484521425256,220.61760599868512,82.74759187855271,389.14646782706365,0,1023,0,1023,775617,9.256059369508405
1,325.4580152671756,120.3793893129771,4.109056724974313,2.485244940030619,-0.8309169325816553,1310.0,15.0,7.0,7.443181818181818,5.232078956954491,4.029119531035698,1.5957691216057308,6.282549314314218,319,334,114,129,176,40.44318181818182
2,312.18242163218184,320.5328123612468,6.6655567083268155,6.041742653534763,-0.698612089115969,45044.0,129.0,42.0,51.36145952109464,9.82078894558317,8.097643889049511,3.3377905890622728,13.146949007195484,296,330,305,337,877,160.36145952109464
3,507.2312232127808,508.14508681090683,141.7598198070842,90.3529548076314,0.4303013437325592,13129629.0,172.0,43.0,49.51400610928838,121.76042566817938,144.34765962669695,55.73781919983771,233.61400477230737,156,848,221,814,265170,80.51400610928837
4,914.4146297562908,520.8779413705797,8.19662512061288,7.79592059877876,-0.5100765770494285,83337.0,180.0,35.0,52.644977890082124,10.295493776366547,9.72306722164286,3.8678889139475245,17.159156293944243,893,938,498,543,1583,100.64497789008212
5,135.86112442573022,655.0975465868281,15.122038723109632,13.93206580569511,-0.5880766228379285,271214.0,221.0,36.0,52.63225305647196,14.798554040663838,17.5715847207438,6.407961869245868,31.301083522359217,94,179,614,698,5153,86.63225305647195
