ID,X,Y,A,B,theta,total_flux,mu_max,mu_median,mu_mean,R_fwhm,R_e,R10,R90,x_start,x_end,y_start,y_end,area,greylevel
0,512.3633841764691,501.2096153493957,337.11823891568383,293.5377035550918,-0.16382409808659895,12776946.0,163.0,14.0,20.684744511485366,10.32636489145962,203.58802815895126,84.19100038329898,342.7845237109906,0,1023,0,1023,617699,20.684744511485366
1,557.7949593658075,90.54229820012964,10.973856499421911,10.580829895278274,1.05210023724687,160456.0,199.0,35.0,54.93187264635399,13.061933202803933,13.000867261978827,5.077706251929807,23.24844482411838,527,589,61,120,2921,110.931872646354
2,553.2629734424552,506.4761948153062,202.61167441495158,110.15659009383877,-0.10007761105323065,12982676.0,165.0,26.0,30.409592272215157,61.87079029110802,182.15636372546672,63.555900242796525,303.6073946409192,13,1023,210,789,426927,85.40959227221515
3,790.4327176781003,446.2552770448549,5.826714588524395,5.100133928869554,0.9178448431594635,6064.0,24.0,10.0,10.582897033158813,8.83096382707056,7.069275219628611,2.876813695875796,11.170383851240114,777,803,433,460,573,147.58289703315882
4,606.7359372391921,879.9409113670506,3.864542140693754,3.6307086124634007,1.3204141943716765,5991.0,54.0,19.0,21.169611307420496,5.641895835477563,4.853342309955121,1.9544100476116797,7.673807981960539,598,615,871,889,283,78.1696113074205
5,488.0498899486427,993.8297872340426,3.2043207768066098,2.8026663852177154,1.4015285876608805,2726.0,35.0,14.0,15.757225433526012,4.853342309955121,3.8678889139475245,1.5957691216057308,6.102643417692329,482,494,987,1002,173,72.75722543352602
