ID,X,Y,A,B,theta,total_flux,mu_max,mu_median,mu_mean,R_fwhm,R_e,R10,R90,x_start,x_end,y_start,y_end,area,greylevel
0,519.9403103464391,500.3297290246557,312.6185142550627,263.1606845701683,1.1469510272113614,8601742.0,165.0,8.0,11.037227701937155,10.808317548511017,220.6327550120356,83.29968312617073,383.76215286334974,0,1023,0,1023,779339,11.037227701937155
1,610.4103292506869,75.82438411027802,7.607293915375302,7.600231563104257,1.4207580357928487,42946.0,94.0,26.0,33.7625786163522,10.954580187815921,9.52461639974967,3.9088200952233594,15.817445133157866,589,630,58,97,1272,71.7625786163522
2,30.53299791254081,217.15538189798212,12.35513097308016,4.2561068341996755,-0.6951714677718864,18683.0,44.0,17.0,18.121241513094084,11.340070282773887,9.373021315815206,3.742410318509555,14.820047957642227,5,56,197,238,1031,57.121241513094084
3,862.8564628341267,500.24203588429145,4.0345705222758905,2.856778192714898,-1.2447909298199231,2731.0,27.0,11.0,12.084070796460177,5.4700209598571305,4.296739856991561,1.7841241161527712,6.863662517577698,856,870,491,513,226,50.084070796460175
4,193.6151355241065,527.5774766130967,4.029155526814236,3.765629332330254,-1.4174840583632142,8338.0,59.0,26.0,28.074074074074073,6.6036697681803656,5.077706251929807,2.111004122822376,7.878478774854901,185,203,519,537,297,76.07407407407408
5,505.5184559197822,515.2161685641105,131.61794737531238,107.29698801081548,1.0799769074462786,12376300.0,187.0,44.0,46.4807880811366,52.97376668310739,154.4839270494821,61.16450026214628,240.59560335125255,215,789,173,814,266267,83.48078808113661
6,265.2967662709783,863.5873925501432,2.846700013085208,2.5596921734489047,-1.2128700192364716,2443.0,37.0,16.0,16.96527777777778,4.442433223290478,3.523362819972964,1.381976597885342,5.440847306724618,259,272,857,870,144,55.96527777777778
