ID,X,Y,A,B,theta,total_flux,mu_max,mu_median,mu_mean,R_fwhm,R_e,R10,R90,x_start,x_end,y_start,y_end,area,greylevel
0,378.0356279749108,625.9540587667882,213.0384571357125,196.70269299636945,-0.827155580948403,39144661.0,206.0,19.0,37.671625114762556,131.4065245933332,251.4127794065891,95.32800711575292,390.7150346670629,0,1023,0,1023,1039102,37.671625114762556
1,175.59783531008995,783.9482209190504,9.634637631227303,9.197642899528292,-0.08939442059071717,106066.0,144.0,34.0,49.12737378415933,12.976360421598395,11.368105109938904,4.820437914901168,19.915173064399998,149,203,758,811,2159,160.12737378415935
2,561.3898950496889,1002.0734652177952,8.381372894397318,6.442018574967406,-0.7217452356011563,10767.0,27.0,10.0,10.997957099080695,10.186708148166206,9.40692023773423,3.6996385101659595,14.841510746523857,543,579,984,1019,979,69.9979570990807
3,297.89124121826603,995.5573307520358,28.650837693705554,12.628922303541152,-0.6870170085577616,200416.0,99.0,26.0,31.63131313131313,21.468877828012552,21.668112103298046,8.234075889688375,35.75377606511099,226,355,930,1023,6336,143.63131313131314
