ID,X,Y,A,B,theta,total_flux,mu_max,mu_median,mu_mean,R_fwhm,R_e,R10,R90,x_start,x_end,y_start,y_end,area,greylevel
0,500.01920553983365,520.0872047336647,319.7279669151144,280.22343601072663,-1.1225292686185067,13654706.0,92.0,16.0,19.034795882094638,87.2817879401921,242.5779025374741,95.50981477447789,400.4446607116479,0,1023,0,1023,717355,19.034795882094638
1,87.63865256946151,65.38209982788295,6.107682437262957,5.489760414553446,-0.0715923711177474,20335.0,75.0,26.0,29.86049926578561,8.703892974511014,7.463526651802308,3.0382538898732494,11.941642642883693,72,102,52,79,681,76.8604992657856
2,732.6166112956811,489.21619601328905,4.195118591652917,3.883181201153676,-0.08247798141868645,12040.0,86.0,32.0,35.72700296735905,6.407961869245868,5.232078956954491,2.111004122822376,8.291859587312052,722,742,480,499,337,168.72700296735906
3,481.108246017665,532.6606133947688,197.3260054995697,94.23640884956556,-0.14347866340758283,11464819.0,178.0,32.0,40.95221749132006,92.15653028011482,144.43473723697244,51.85328927459164,246.3829541267507,0,986,314,997,279956,86.95221749132007
4,678.9373973727422,764.3382594417077,3.822923832256782,3.6363712162098323,0.3898298368412545,4872.0,38.0,18.0,18.595419847328245,6.407961869245868,4.886025119029199,2.0342144725641096,7.527227892173502,670,688,756,774,262,68.59541984732824
5,45.9873499056856,609.9729235691464,98.01019088793717,31.390802584924625,1.5455962538963188,1353982.0,86.0,26.0,27.955773955773957,54.194513742793525,67.98894150640241,26.196872229566885,105.10444614766996,0,142,381,859,48433,119.95577395577395
6,289.90730789897907,860.0169263836647,3.685460466892978,3.5139412026905137,1.0533601778271262,3722.0,35.0,13.0,14.596078431372549,5.4700209598571305,4.61809077155419,1.8712051592547776,7.399277020331919,282,299,851,870,255,64.59607843137255
7,354.51298835089943,915.7953245106585,7.427504537738918,6.964142469846385,0.40343139609022816,63095.0,170.0,32.0,48.64687740940632,9.474354220939228,8.848967849484623,3.477898169151024,15.285269263539401,335,376,895,936,1297,95.64687740940633
