ID,X,Y,A,B,theta,total_flux,mu_max,mu_median,mu_mean,R_fwhm,R_e,R10,R90,x_start,x_end,y_start,y_end,area,greylevel
0,493.01052870015513,489.94426152643064,304.6421938703784,256.4285770905361,0.6992887331119177,7319612.0,80.0,6.0,8.898488635590006,25.922040230930552,210.55007993041158,78.44467298488178,379.95686690656737,0,1023,0,1023,822568,8.898488635590006
1,238.731376146789,143.73614678899082,3.1674832773690476,2.962324111106104,-1.0405614604528293,2725.0,35.0,15.0,15.571428571428571,4.787307364817192,3.989422804014327,1.5957691216057308,6.206085419025319,232,245,136,151,175,64.57142857142857
2,392.7933118605532,383.245225464191,7.929400696001683,6.958954959388382,-0.6832917442338438,52780.0,130.0,22.0,39.096296296296295,9.981532666656284,8.63044108762739,3.656366395715726,16.05711704537494,373,420,364,407,1350,157.0962962962963
3,871.6985930735931,549.5716991341991,4.097120569802306,3.787714720248678,-0.6176760519121569,7392.0,57.0,20.0,23.39240506329114,5.970821321441846,5.046265044040321,2.0342144725641096,8.097643889049511,862,881,540,559,316,63.392405063291136
4,505.7805282714904,519.6271001038715,152.79252851080764,80.15961253666212,0.5914436196319426,8104242.0,164.0,32.0,36.25653506319204,40.74683259266482,137.41346643727698,54.332364981367,221.1975757890873,195,875,178,799,223525,73.25653506319203
5,281.2402022756005,784.0518331226295,2.892560133918619,2.551372364194308,-0.7508326865945616,1582.0,25.0,11.0,11.381294964028777,4.406461512053774,3.523362819972964,1.381976597885342,5.4700209598571305,275,287,778,790,139,52.381294964028775
6,9.944291230005515,888.0828277256849,5.851806814513417,3.8188222773967855,-1.335619302113274,10878.0,59.0,25.0,25.71631205673759,7.54834217738561,6.154581744998688,2.4592453796829674,9.507891862878783,0,19,874,900,423,63.716312056737586
7,827.546827794562,1020.7895266868077,2.556505471231945,1.6897038485437301,-0.046501931502306235,993.0,29.0,11.5,12.4125,3.141274657157109,2.5854414729132054,0.9772050238058398,4.068428945128219,821,833,1016,1023,80,63.4125
