ID,X,Y,A,B,theta,total_flux,mu_max,mu_median,mu_mean,R_fwhm,R_e,R10,R90,x_start,x_end,y_start,y_end,area,greylevel
0,458.28652217822344,504.4215890393921,284.6886003681832,267.63605578494816,0.13221291788752643,4438002.0,41.0,3.0,4.51832425019573,50.39005816714343,239.9550764039251,82.97040381061696,414.26386152642795,0,1023,0,1023,982223,4.51832425019573
1,301.5656755739556,343.67933759879566,10.496480363496051,3.377496845540312,-1.3532498709759866,2657.0,15.0,6.0,5.570230607966457,5.4115163798060095,7.046725639945928,2.6462837142006137,10.764051215546116,293,311,323,364,477,35.57023060796646
2,1.725,382.5192307692308,2.4213630030639175,1.4549142983951762,-1.50295615302594,520.0,18.0,7.0,8.253968253968255,3.0382538898732494,2.326213245840639,0.7978845608028654,3.656366395715726,0,6,377,388,63,29.253968253968253
3,61.27069876688197,389.8960657662948,3.19234460819836,2.633787124279704,-0.40319862892710345,1703.0,24.0,8.0,9.78735632183908,4.54864184146723,3.6996385101659595,1.4927053303604616,5.944106103225343,54,69,383,396,174,36.78735632183908
4,295.3060208261712,503.9992508168485,98.88403311000866,49.53329513720223,0.05853564289434721,3391694.0,251.0,39.0,54.57271118262269,38.44777121547521,67.42478620267845,21.03451311049222,121.96025037479366,32,682,373,703,62150,58.57271118262269
5,220.86724732006127,491.31910413476265,10.14967140437731,3.727684893866181,0.15060498525999153,10448.0,57.0,29.0,27.42257217847769,7.938851142601841,7.001408606295148,2.8209479177387813,9.933582672781009,198,235,484,502,381,139.42257217847768
6,509.22152235053204,514.144899361043,17.66187793259367,6.244698216200582,-0.4291548865567088,77157.0,113.0,22.0,30.666534181240063,11.821084554078958,12.69113085619237,4.820437914901168,21.9527029698454,449,555,491,542,2516,102.66653418124007
7,387.93696221474,623.4814814814815,5.493412467286971,4.254156159494138,-1.0046665432185722,5346.0,30.0,11.0,12.177676537585421,7.247146419131151,6.154581744998688,2.4592453796829674,9.706684619910241,375,399,609,635,439,52.17767653758542
8,74.02316213494461,678.1369587109768,3.509451915452941,2.4666561692197897,-0.20867183414145213,993.0,13.0,7.0,6.490196078431373,4.950743503369154,3.826519928662906,1.5957691216057308,5.917270272703197,67,82,673,684,153,27.49019607843137
