ID,X,Y,A,B,theta,total_flux,mu_max,mu_median,mu_mean,R_fwhm,R_e,R10,R90,x_start,x_end,y_start,y_end,area,greylevel
0,448.80251719216295,512.4356868590781,299.4777683189323,294.9390423413782,-0.7475656895903025,14327313.0,208.0,19.0,20.700619834710743,8.611980229936854,245.89217734733052,98.31802796857428,391.18360522123334,0,1023,0,1023,692120,20.700619834710743
1,360.5547768351162,137.1353744005902,3.122768722389288,2.7695262025458733,1.042539386239358,2711.0,35.0,14.0,15.31638418079096,4.686510657907603,3.742410318509555,1.4927053303604616,5.997417539138688,354,368,129,144,177,70.31638418079096
2,453.48402898254926,173.4987583767051,7.880326115598398,6.117603303561674,0.20813166768650274,29397.0,92.0,18.0,25.900440528634363,8.462843753216344,8.556358677747903,3.2897623212397704,14.777028859756632,432,475,158,190,1135,114.90044052863436
3,806.6864685353096,245.2811583670641,18.131837466226695,13.276197863914255,-0.5688415439931132,118339.0,76.0,14.0,20.69949274094805,17.724893727845068,18.822298035111416,7.203090409536582,33.3731372777131,760,853,204,287,5717,159.69949274094805
4,509.5553467393347,465.75906784439013,7.300355772910417,3.6984976378856795,1.1137822513254363,5321.0,49.0,10.0,13.965879265091864,4.686510657907603,5.046265044040321,1.8712051592547776,9.009385160867895,501,525,455,483,381,185.96587926509187
5,605.8968844971396,357.8717667477435,202.88124904105047,92.79931929257754,-0.46070318125082216,14453365.0,151.0,36.0,41.62260113809151,129.2375964951216,168.32622463204527,66.11859025151837,268.5969081798668,176,1023,31,684,347248,86.62260113809151
6,62.67786914551305,625.305684662138,4.25987402242182,3.4556573322181037,0.8494988433021758,2797.0,25.0,8.5,9.77972027972028,5.382025607773058,4.853342309955121,1.9544100476116797,7.797255174810172,53,71,616,635,286,56.77972027972028
7,152.903672422088,593.984248320593,7.772248893955278,7.291119606235693,-0.3676499128335172,56121.0,177.0,19.0,37.117063492063494,7.998767850296815,8.537737635702333,3.2410224072142872,16.25414425715935,133,177,575,620,1512,97.1170634920635
