ID,X,Y,A,B,theta,total_flux,mu_max,mu_median,mu_mean,R_fwhm,R_e,R10,R90,x_start,x_end,y_start,y_end,area,greylevel
0,513.7033861228746,506.948408698795,315.2231298633955,283.0437498638345,0.802032180937634,6598845.0,109.0,6.0,8.510498763827144,24.135183689301744,219.83348664405443,77.39685877406626,384.53193591539633,0,1023,0,1023,775377,8.510498763827144
1,807.6637832916002,235.49874800819487,4.763748900280786,4.012130717575126,-0.04961596159679757,4393.0,28.0,10.0,11.440104166666666,6.746726148605861,5.499039842323396,2.256758334191025,9.009385160867895,796,819,226,249,384,39.440104166666664
2,61.829030740012435,695.7817274239903,29.30899356832172,25.946779539630167,-0.5970269475477588,475992.0,129.0,23.0,30.16425855513308,21.125114447729615,34.16492869355884,12.008096370418468,57.39779892994359,0,132,620,781,15780,57.16425855513308
3,508.3013054483693,501.6974071985853,129.96497813586686,108.1372581285968,-0.793548856383204,7156545.0,131.0,25.0,27.92133384833269,51.02407822878551,148.56944755745974,55.734963705627486,240.41362093952313,215,848,181,831,256311,54.92133384833269
4,765.0231928875145,663.9230769230769,4.5882576853537325,4.05330236685514,1.173540133218004,2587.0,20.0,7.0,7.768768768768769,6.128667601500942,5.4115163798060095,2.111004122822376,8.685588237163813,756,775,649,674,333,46.768768768768766
5,977.1465665236052,807.6015021459227,4.43282513190169,4.1697400223657395,-0.08655714867273184,9320.0,62.0,21.0,23.836317135549873,6.4820448144285745,5.499039842323396,2.1850968611841584,8.902761462589227,966,988,797,818,391,51.83631713554987
