ID,X,Y,A,B,theta,total_flux,mu_max,mu_median,mu_mean,R_fwhm,R_e,R10,R90,x_start,x_end,y_start,y_end,area,greylevel
0,510.06888608960327,488.2377454047933,325.74969525274855,309.7572774537183,-1.1576204837722328,29427349.0,90.0,40.0,41.15264208939444,298.7318581449176,284.65027933955014,117.0105257420177,427.1652927441548,0,1023,0,1023,715078,41.15264208939444
1,537.6616621861758,339.4303321638493,7.883211684975204,7.208690023252849,1.2623452521178042,43894.0,88.0,34.0,38.3353711790393,12.074184356393443,9.690274321412074,4.068428945128219,15.35798247369064,520,557,321,361,1145,188.3353711790393
2,289.7518931172527,372.9127477933729,7.233925992394011,6.744010186054316,-1.511644247717252,20733.0,65.0,13.0,17.997395833333332,8.406235467365967,8.537737635702333,3.2897623212397704,14.72307822743469,273,309,355,397,1152,145.99739583333334
3,504.7709270093547,509.2036351400241,147.9597686292213,108.08339112995463,0.7711261991219772,10873914.0,143.0,27.0,33.37296749838873,93.70134252297295,157.46146183912433,56.3229644612893,262.1928065550752,169,854,151,839,325830,101.37296749838873
4,226.8314925524369,604.1086736244807,8.260532193956264,7.846150206642699,-1.4683416890463583,59214.0,116.0,31.0,40.83724137931034,11.98155910843366,10.233472165128859,4.222008245644752,16.65076307158569,207,249,582,627,1450,135.83724137931034
5,819.2165924276169,661.0890868596882,3.504133383395885,3.375984230620816,-1.0857385374761017,3592.0,37.0,15.0,15.964444444444444,5.262410103554244,4.442433223290478,1.7841241161527712,7.024103669400641,812,828,653,669,225,105.96444444444444
6,747.703854346174,757.8383657829107,9.205572463222163,8.78908410586876,1.4826245935438376,93427.0,147.0,32.0,47.185353535353535,12.347891944863939,11.012541334134653,4.478115991081385,19.099296572560576,722,773,733,785,1980,155.18535353535353
7,556.0950165589023,905.9134205961204,5.01535800589947,4.853676213553965,0.6931687027061625,12682.0,64.0,21.0,24.721247563352826,7.527227892173502,6.333012368467128,2.5231325220201604,10.217907939900583,544,568,893,918,513,95.72124756335283
8,716.928939083504,1001.2254593307015,7.307381975493566,7.149840658127825,0.42489878607296544,60033.0,145.0,36.0,49.90274314214464,10.357143990692485,9.044647077096718,3.656366395715726,15.243563130520608,698,736,982,1020,1203,117.90274314214464
