ID,X,Y,A,B,theta,total_flux,mu_max,mu_median,mu_mean,R_fwhm,R_e,R10,R90,x_start,x_end,y_start,y_end,area,greylevel
0,514.6541328286028,505.9613492033533,313.33825422963884,297.1691489394911,1.0629517394613068,29272385.0,116.0,37.0,37.21078503655944,79.75054755823511,307.2010987216196,127.38821102258966,452.89104240413917,0,1023,0,1023,786664,40.21078503655944
1,132.65357494123728,322.7214229749779,6.762790254601514,6.101338951714921,0.12639729978006736,59987.0,185.0,31.0,53.896675651392634,8.884866446580956,7.797255174810172,3.1915382432114616,13.669231989760256,112,152,304,339,1113,123.89667565139263
2,358.3588060845616,599.0750127006668,142.13604775046622,115.69833411116565,-0.5133649415527326,10613616.0,195.0,31.0,41.123541696533394,99.06468644745438,131.4828058284727,48.733048958763725,232.63569192807512,0,1023,121,1023,258091,101.1235416965334
3,492.68828661201707,523.5062226825115,37.12380911280187,3.2912519882185545,-0.5368522417602233,56969.0,68.0,27.0,30.351092168353755,15.326861909850873,12.791062563308351,5.201570947860099,20.42802635564556,431,559,485,564,1877,217.35109216835374
4,1014.974465339233,587.0109697640117,6.54266166799956,2.5077968182780226,1.528199208665496,10848.0,87.0,28.0,32.094674556213015,5.890312181373172,5.140011726956917,2.0342144725641096,8.311031542587394,1009,1022,573,604,338,93.09467455621302
5,962.2658426525408,660.4616441043751,3.4717763086434115,3.138619977956045,0.1469116954884334,5097.0,56.0,20.0,22.653333333333332,5.108953969950291,4.259537945889915,1.692568750643269,6.817128675830715,953,971,653,668,225,84.65333333333334
6,530.7662366548043,869.3365213523132,3.983159715390354,3.325217537332407,-0.04262143773984805,8992.0,77.0,31.0,33.55223880597015,5.863230142835039,4.720348719413148,1.9544100476116797,7.442171739215616,521,540,862,878,268,157.55223880597015
