ID,X,Y,A,B,theta,total_flux,mu_max,mu_median,mu_mean,R_fwhm,R_e,R10,R90,x_start,x_end,y_start,y_end,area,greylevel
0,531.8604504621816,533.3232978685386,285.7379948924143,270.5381472726476,-1.353980821000763,4868866.0,78.0,4.0,5.18225234612736,11.914957374576321,235.6807023261719,75.75072486937134,415.3220986570331,0,1023,0,1023,939527,5.18225234612736
1,205.6720814078327,55.07253886010363,5.906904054416283,4.483049393694272,1.0683691262524895,21423.0,99.0,31.0,36.37181663837012,7.569397566060481,6.579524642479541,2.6462837142006137,10.674967880691588,194,218,40,70,589,66.37181663837012
2,479.199067679558,272.3943370165746,4.1936321971532005,3.6938593632699956,1.1809341433777658,5792.0,45.0,16.5,18.9281045751634,5.970821321441846,5.046265044040321,2.0342144725641096,8.097643889049511,470,488,263,284,306,50.928104575163395
3,178.46734194900455,540.6870415647921,3.5807137228330332,2.613561210024324,0.3353169818562307,2863.0,37.0,14.0,15.73076923076923,4.753945931439391,3.9088200952233594,1.5957691216057308,6.231677632421503,171,187,533,547,182,44.73076923076923
4,543.3417477707306,545.9507894778965,103.01991886669605,56.61955597439592,-0.9628555780981262,5435301.0,167.0,48.0,50.551064443225044,83.2174854451548,97.95800033124684,40.212115361090575,153.4948245236686,353,744,324,771,107521,78.55106444322504
5,580.4517019319227,874.5446182152714,2.479403048051231,2.451091726628694,0.08337672865491962,1087.0,20.0,9.0,9.211864406779661,4.145929793656026,3.1915382432114616,1.2615662610100802,4.950743503369154,575,586,869,881,118,39.21186440677966
6,131.7868237814676,923.3462774504553,3.471313619037913,3.158498575125439,0.5901968107365235,3734.0,40.0,16.0,17.287037037037038,5.352372348458314,4.296739856991561,1.692568750643269,6.746726148605861,124,140,916,931,216,46.28703703703704
7,481.98104265402844,926.591740013541,2.6777418558332546,2.339174085040431,-0.3475713795666519,1477.0,30.0,12.0,12.623931623931623,3.6996385101659595,3.1915382432114616,1.2615662610100802,5.108953969950291,476,488,921,932,117,40.623931623931625
