ID,X,Y,A,B,theta,total_flux,mu_max,mu_median,mu_mean,R_fwhm,R_e,R10,R90,x_start,x_end,y_start,y_end,area,greylevel
0,501.66708055329786,500.28903261653187,317.3062578460583,259.8137000648268,1.4150792497573097,6533190.0,97.0,6.0,7.8152225533131485,13.243441670776848,227.02795356637898,82.56081336045385,397.76886121989685,0,1023,0,1023,835957,7.8152225533131485
1,172.6482248852055,272.5795721805353,4.253103850603905,3.820652691303992,-1.3827042581680862,8929.0,67.0,24.5,27.38957055214724,6.128667601500942,5.170882945826411,2.111004122822376,8.291859587312052,163,183,261,282,326,55.38957055214724
2,698.4242424242424,339.16174734356554,3.5172924794365636,3.1809892143396485,1.5100888025536179,2541.0,26.0,13.0,12.57920792079208,5.725898905580716,4.370193722368317,1.7841241161527712,6.746726148605861,692,706,331,347,202,72.57920792079207
3,512.014706111109,511.4813398678638,120.39568242831655,88.26455840555698,1.3944504506679114,8485792.0,198.0,35.0,40.4767655953369,35.74041932120484,129.51069895019742,50.98351234052863,207.92740000091618,279,763,137,798,209646,68.4767655953369
4,99.03308274757782,579.6514505929927,5.399315149432291,5.18238803546323,-1.271996138976349,36847.0,171.0,42.0,55.66012084592145,7.312732791431452,6.6036697681803656,2.6462837142006137,11.098915530497878,86,114,565,595,662,84.66012084592145
5,620.6485234510712,789.0741169658368,2.3343684676036895,2.133265201450091,1.4450985018483742,1727.0,44.0,16.0,18.178947368421053,3.3377905890622728,2.8209479177387813,1.1283791670955126,4.54864184146723,616,626,784,794,95,80.17894736842105
6,317.2095337873232,853.0581456259822,2.7830865153386566,2.731808072836484,0.6545793720775483,1909.0,28.0,12.5,13.833333333333334,4.61809077155419,3.6125759969217834,1.381976597885342,5.585191925620057,311,323,847,859,138,41.833333333333336
7,587.1652076318743,928.0442199775533,4.7764833817674175,3.216846467343171,-0.7297176387777983,4455.0,35.0,14.0,15.101694915254237,6.076507779746499,5.077706251929807,2.0342144725641096,7.998767850296815,577,598,919,938,295,50.101694915254235
8,798.6477297027586,1017.7116330458337,14.955343921338459,4.433278813106376,-0.04134032059090348,28058.0,86.0,17.0,22.356972111553784,8.07796550300118,9.149617481968136,3.385137501286538,15.306079714651624,758,839,1001,1023,1255,52.35697211155379
