ID,X,Y,A,B,theta,total_flux,mu_max,mu_median,mu_mean,R_fwhm,R_e,R10,R90,x_start,x_end,y_start,y_end,area,greylevel
0,500.5673480605498,472.19078441673287,297.56624921390664,293.21087809282494,1.280078108125024,4315321.0,42.0,4.0,5.039779177158127,26.306001075107577,243.6247448587441,87.30002064660982,408.72137979040656,0,1023,0,1023,856252,5.039779177158127
1,503.20352507891965,105.68072606103122,4.845947485922988,4.320534209726327,-1.4180226308935726,11404.0,69.0,21.0,25.398663697104677,6.699380116989518,5.836022431559495,2.326213245840639,9.474354220939228,493,513,93,119,449,43.39866369710467
2,844.2501587301588,107.5968253968254,3.7251323115531085,3.346332716588487,1.467706547674792,3150.0,31.0,11.0,12.162162162162161,5.352372348458314,4.51351666838205,1.7841241161527712,7.225151993843567,836,853,98,117,259,31.16216216216216
3,330.80053604276844,131.29933605426535,16.931227885430804,14.093062925874746,-0.7309098188678,278336.0,237.0,25.0,44.92913640032284,13.888692920047486,17.462556255144076,6.231677632421503,32.04477637352005,262,390,79,196,6195,62.92913640032284
4,280.7886137273192,173.21261998615833,6.293519199904935,5.59213690639776,1.4260784590155722,33233.0,128.0,29.0,39.28250591016548,7.998767850296815,7.420755373261929,2.9316150714175193,12.450578884995911,265,295,155,189,846,73.28250591016548
5,686.9869948908499,286.92336274965163,3.7486518225873144,3.3514659770359714,0.8556866421227511,2153.0,22.0,9.0,9.00836820083682,5.382025607773058,4.583497844237541,1.7841241161527712,7.1809610472257885,679,695,279,296,239,49.00836820083682
6,506.6355790153137,520.0613486850108,114.64855080782058,77.8844340695623,-1.3675185727767658,9248935.0,187.0,40.0,50.174328400312476,99.65255555760676,120.31665306127175,48.39878565032924,193.14740138231284,301,731,218,841,184336,66.17432840031248
