ID,X,Y,A,B,theta,total_flux,mu_max,mu_median,mu_mean,R_fwhm,R_e,R10,R90,x_start,x_end,y_start,y_end,area,greylevel
0,502.31518745371017,524.8897322189059,325.33669288780317,300.6202723331126,1.021290999935329,27936737.0,92.0,38.0,37.86599645693358,257.4497899795337,300.0571105922527,125.50523781023995,440.16912831586643,0,1023,0,1023,737779,37.86599645693358
1,742.5740772532189,107.07502145922747,4.009495672702799,3.679696705926896,0.04563256995434954,5825.0,52.0,16.0,19.288079470198674,5.4700209598571305,4.918490759365935,1.9544100476116797,7.938851142601841,732,752,98,116,302,90.28807947019868
2,436.95820797369504,153.6734073160707,6.828365843123407,6.164333014647383,0.16569382389770365,60825.0,186.0,32.0,54.45389435989257,8.938444016277748,7.858251581595959,3.1915382432114616,13.831277655967225,416,457,135,170,1117,123.45389435989257
3,796.9140406013761,354.5605538095643,37.20280337734339,3.315387168732837,-0.5359414112956633,58865.0,69.0,28.0,31.63084363245567,15.553633450087505,12.939513133525306,5.262410103554244,20.51354843840946,735,863,316,395,1861,217.63084363245568
4,653.1359877333813,435.1181115901542,144.68644287464986,122.791937198732,-0.5206519274792162,12096569.0,200.0,31.0,39.39121359349763,101.35332578126528,140.3335823967483,51.616409671327666,245.7549209776685,0,1023,0,1023,307088,94.39121359349762
5,131.62316176470588,695.0238970588235,2.0268157251078924,1.7571781883462374,1.4228975154416,544.0,20.0,7.0,8.119402985074627,2.876813695875796,2.393653682408596,0.7978845608028654,3.7846987830302403,127,136,690,699,67,72.11940298507463
6,835.1018618748647,700.3191166919247,3.947544031149066,3.3881739483894022,-0.012117375173281146,9238.0,79.0,31.0,34.59925093632959,5.808687281605183,4.720348719413148,1.9544100476116797,7.506054213402069,825,844,693,709,267,157.59925093632958
7,983.9451410658307,901.730407523511,2.210887192309857,2.085233905953169,-0.10066446932583566,638.0,16.0,6.0,6.71578947368421,3.6125759969217834,2.763953195770684,1.1283791670955126,4.370193722368317,979,989,897,907,95,64.71578947368421
