ID,X,Y,A,B,theta,total_flux,mu_max,mu_median,mu_mean,R_fwhm,R_e,R10,R90,x_start,x_end,y_start,y_end,area,greylevel
0,504.21192735416696,499.62120236380264,339.0225705264961,264.4992329695711,-0.644736968316042,10334027.0,68.0,11.0,14.389528561064829,129.92540122739197,229.65496219669333,91.44919704243844,379.7746119858001,0,1023,0,1023,718163,14.389528561064829
1,522.6930051111118,517.6349512040078,153.06472801762325,117.55637195138894,0.35825013221900986,11213216.0,182.0,32.0,34.07205646864355,43.303158539634396,169.22113928486056,59.78013961329815,268.4024840442344,92,982,213,811,329103,68.07205646864355
2,60.88447437974252,748.6067013385625,7.548018787286308,5.143450722940751,1.5513913203031529,11729.0,40.0,13.0,15.37221494102228,8.938444016277748,7.878478774854901,3.0901936161855166,12.728697186576065,49,74,725,765,763,51.37221494102228
3,216.03526366871563,740.5944678097703,4.026603026660154,3.667527569964379,1.5469337114193236,6182.0,56.0,18.0,20.335526315789473,5.4115163798060095,4.886025119029199,1.8712051592547776,7.918778161951929,207,225,731,751,304,63.33552631578947
4,421.57412790697674,765.3117732558139,2.9765867027581927,2.538974412638966,-0.5417387259956995,1376.0,20.0,9.0,10.26865671641791,4.478115991081385,3.5682482323055424,1.381976597885342,5.556622981616415,415,428,759,771,134,80.26865671641791
5,962.1050724637681,1006.9263285024155,2.728498150549978,2.1349833258546345,-0.6950875137885754,828.0,16.0,7.0,7.5963302752293576,4.029119531035698,3.141274657157109,1.2615662610100802,4.886025119029199,957,968,1002,1012,109,44.596330275229356
