ID,X,Y,A,B,theta,total_flux,mu_max,mu_median,mu_mean,R_fwhm,R_e,R10,R90,x_start,x_end,y_start,y_end,area,greylevel
0,532.5305992290877,511.26280180460355,281.672204888481,275.4628479515777,1.232294399551788,3546707.0,69.0,2.0,3.4916162783600355,15.563862739881277,226.27589755083306,68.8010633452649,407.0490021184059,0,1023,0,1023,1015778,3.4916162783600355
1,506.3381534745669,512.8510175790718,44.012710703950916,36.61581685779013,-0.3907087485120077,1175830.0,133.0,37.0,38.68752673312934,38.190259209569774,51.890108182857794,20.2008235992402,80.45390938635228,395,612,402,621,30393,64.68752673312935
2,845.0875232774674,670.9748603351956,3.2692259338600755,2.3642581852130933,0.15408104078719226,1074.0,15.0,7.0,7.3061224489795915,4.686510657907603,3.6125759969217834,1.4927053303604616,5.585191925620057,837,853,665,677,147,35.30612244897959
3,708.5925242364012,864.993692451223,7.8451996736134255,7.058774288489995,0.2613879867455543,49306.0,110.0,30.0,40.71511147811726,10.881694613449236,9.287732724180174,3.826519928662906,15.522905135351744,690,731,849,887,1211,65.71511147811727
4,412.8062792251169,927.1830908193198,7.416030826358827,6.436550777957129,0.02789765364502361,34431.0,87.0,26.0,32.88538681948424,10.464157913908982,8.758577656805558,3.656366395715726,14.32863833686038,394,433,911,944,1047,59.88538681948424
