ID,X,Y,A,B,theta,total_flux,mu_max,mu_median,mu_mean,R_fwhm,R_e,R10,R90,x_start,x_end,y_start,y_end,area,greylevel
0,475.56400098252533,620.1518895030051,338.2433899577737,201.69868350547623,0.7286076071064684,32235302.0,103.0,49.0,46.481581296223396,309.1444891268157,288.2870757474969,122.14671909309163,421.2259985173162,0,1023,0,1023,693507,65.4815812962234
1,28.81744408945687,267.301214057508,4.2725216128295225,3.913109890681971,-0.6738227369280876,15650.0,109.0,39.0,44.2090395480226,6.333012368467128,5.262410103554244,2.111004122822376,8.42514715711158,19,40,257,278,354,132.2090395480226
2,90.0656,250.4529777777778,3.97567937435813,3.61005280918948,-0.558581356536789,11250.0,98.0,34.0,38.00675675675676,5.753627391751592,4.886025119029199,1.9544100476116797,7.797255174810172,81,100,241,260,296,125.00675675675676
3,723.7446495168062,215.35025357029582,149.27840681607404,146.12391814368064,-1.2804929547444766,6602114.0,55.0,17.0,18.627991163001983,164.6534886243217,176.51201083653095,70.01408606295148,281.60521457285967,362,1023,0,719,354419,105.62799116300198
