ID,X,Y,A,B,theta,total_flux,mu_max,mu_median,mu_mean,R_fwhm,R_e,R10,R90,x_start,x_end,y_start,y_end,area,greylevel
0,497.90616509119167,495.0681294302686,366.74946007015404,282.17041449668744,0.79943417280138,11591848.0,66.0,18.0,19.008669785624914,198.58271196008891,224.4999609102034,91.73243783501391,349.7443037311196,0,1023,0,1023,609819,19.008669785624914
1,83.74235560588902,462.34258210645527,7.302803328226872,3.834122579377741,0.5827742453351227,1766.0,11.0,2.0,3.6188524590163933,6.102643417692329,5.753627391751592,2.326213245840639,10.108287365572707,67,96,445,478,488,55.618852459016395
2,757.0003932363351,637.3130161226898,6.134323976182447,3.731392431557657,0.5238174240602768,5086.0,27.0,12.0,12.496314496314497,7.611333607551958,6.180387232371033,2.4592453796829674,9.557977680176279,742,768,628,649,407,118.4963144963145
3,510.4100086799281,511.69037270882006,194.2877857598862,112.5052420265316,0.9347012633000884,17875724.0,183.0,37.0,40.94527413325515,97.29285377320149,188.41482605256843,69.44346460023743,304.30955232792036,116,904,78,1023,436576,80.94527413325515
4,888.1750227894257,957.0173199635369,3.2148098169149644,2.5274372565019085,0.18916593551793617,1097.0,16.0,7.0,7.264900662251655,4.583497844237541,3.656366395715726,1.4927053303604616,5.781222885281108,880,895,951,963,151,70.26490066225166
5,908.0405793045546,965.6982438956132,14.60910514805246,5.882705980648335,0.4589144483468395,14293.0,33.0,11.0,12.592951541850221,10.448937312523231,9.607802401865856,3.7846987830302403,15.543397428281152,874,938,944,984,1135,55.59295154185022
