ID,X,Y,A,B,theta,total_flux,mu_max,mu_median,mu_mean,R_fwhm,R_e,R10,R90,x_start,x_end,y_start,y_end,area,greylevel
0,494.4320436783378,508.57237974742804,306.7012811088141,242.8083930428506,-0.7395655697381288,9526553.0,255.0,6.0,11.350322880427012,10.940041919714261,200.5311061690197,73.97986336189123,380.22903904814325,0,1023,0,1023,839320,11.350322880427012
1,982.5692307692308,104.35475113122172,2.9662878360116993,2.4912783987460423,0.5338743034894994,2210.0,35.0,15.0,15.136986301369863,4.296739856991561,3.523362819972964,1.381976597885342,5.527906391541368,976,989,98,110,146,66.13698630136986
2,469.97408308383234,177.27479416167665,4.015538908247855,3.7806448834254067,-1.2351637775787114,10688.0,85.0,30.0,34.256410256410255,5.997417539138688,5.046265044040321,2.0342144725641096,7.998767850296815,461,479,168,187,312,84.25641025641026
3,514.9192853389385,224.01086004554213,6.508268097332469,6.219447794192669,-0.8070217453491165,57090.0,179.0,40.0,57.666666666666664,8.991702346646203,7.918778161951929,3.1915382432114616,13.374982468597496,499,536,207,242,990,133.66666666666666
4,508.0012256532012,511.75424278125973,165.26634656214196,61.123543345980394,-0.7768812131282177,8653345.0,156.0,39.0,43.34735107299577,93.9608588891865,127.87827060453259,47.38856662768608,206.21264344133937,208,817,198,851,199628,91.34735107299578
5,160.78616887773396,271.38409824309787,4.7781456292014735,4.593326563032652,-0.47111759967543065,22312.0,127.0,40.5,47.271186440677965,6.90988298942671,5.997417539138688,2.393653682408596,9.706684619910241,149,173,260,283,472,97.27118644067797
6,836.520784515494,499.8594214002494,13.553186583398686,12.320747641165244,-0.24688689244432804,178811.0,186.0,33.0,45.919619928094505,12.126795430653198,15.746853696442757,5.613615477764332,27.581889492550356,798,876,465,538,3894,99.9196199280945
7,730.125304622526,770.3054284056476,11.805562965287576,11.400205664307974,-0.6641706307710566,155110.0,205.0,32.0,47.65284178187404,11.65840132267193,13.911592676604096,5.014626706796775,24.798683434954437,699,768,738,810,3255,97.65284178187405
8,243.66237202709087,876.5955898566704,5.075098792515598,4.885448990818183,-0.26012125040588396,31745.0,168.0,46.0,56.78890876565295,7.046725639945928,6.333012368467128,2.5231325220201604,10.403141895720198,231,257,864,889,559,134.78890876565296
