ID,X,Y,A,B,theta,total_flux,mu_max,mu_median,mu_mean,R_fwhm,R_e,R10,R90,x_start,x_end,y_start,y_end,area,greylevel
0,503.45369278403336,502.1470476667723,314.7055845663749,235.39770072012993,1.0649133586389943,9435063.0,101.0,8.0,10.656969848939731,16.840846433293,247.27149271071625,92.65600865709152,416.6749205200959,0,1023,0,1023,885342,10.656969848939731
1,130.88031642447928,590.0681223204462,9.632924197800627,8.381703321832765,-0.5783808857260038,52714.0,84.0,27.0,30.844938560561733,13.110581167104948,11.54867275105708,4.61809077155419,18.58403149237035,105,154,568,612,1709,63.84493856056173
2,430.96074656324663,703.917635652204,11.041215389159682,10.499918016483704,0.4325128585733461,144395.0,163.0,40.0,54.406556141672944,14.48330815094114,13.363077719938119,5.322553886092406,22.840969844891283,402,460,676,732,2654,146.40655614167295
3,500.783699829146,515.3390946924619,106.38850587382748,67.82139450657826,1.2109778101196627,5531623.0,133.0,25.0,35.1062588850528,89.96303221940144,100.28936027134392,39.489240717116736,178.55954118892498,287,728,222,791,157568,67.1062588850528
4,918.5178006329114,816.8164556962025,5.8815251633958505,4.096183549275608,-0.9942925308168228,2528.0,15.0,5.0,5.784897025171625,6.6755811781245455,6.231677632421503,2.393653682408596,9.755749892701914,907,930,805,830,437,39.784897025171624
5,697.0573070273568,857.6304281501068,6.496029375153781,6.225297685154615,-0.044373117770494956,19666.0,63.0,18.5,22.709006928406467,9.062226582657155,8.03846421247924,3.1915382432114616,13.159049284959082,682,717,843,875,866,57.70900692840647
