ID,X,Y,A,B,theta,total_flux,mu_max,mu_median,mu_mean,R_fwhm,R_e,R10,R90,x_start,x_end,y_start,y_end,area,greylevel
0,514.1355488732376,497.23371730035603,297.3527295845789,283.35420085832334,1.2512873685879793,5320509.0,42.0,5.0,6.95218737749902,129.36560816538133,209.04956159684042,79.75453877749334,370.4316026140291,0,1023,0,1023,765300,6.95218737749902
1,1012.6670520231214,241.38381502890172,2.6110978482337726,2.499771026819037,-0.5052706206272298,865.0,16.0,7.0,7.148760330578512,4.1073621666150775,3.2897623212397704,1.2615662610100802,5.108953969950291,1007,1019,236,247,121,34.14876033057851
2,219.46220900937217,324.55814773757936,9.189167778444393,8.708639689085532,0.937876083065516,59538.0,87.0,21.0,30.880705394190873,13.469841688927183,11.141851534268367,4.720348719413148,18.72905482330962,193,244,301,349,1928,64.88070539419087
3,98.08187650360865,645.4620689655172,5.288173659908896,4.602099760586601,-1.339852696046928,12470.0,63.0,20.5,24.166666666666668,7.463526651802308,6.3078313050504,2.5231325220201604,10.202319970580199,86,110,631,658,516,50.166666666666664
4,221.2807881773399,745.2630541871921,3.7268819862325704,3.1397257296085384,-0.5235865422973685,1015.0,10.0,5.0,5.075,5.890312181373172,4.406461512053774,1.7841241161527712,6.793742230659745,214,229,738,753,200,31.075
5,840.339640620746,788.8644160087122,4.825367898811424,4.057291232347659,-1.3377700864190265,7346.0,46.0,17.0,18.59746835443038,6.863662517577698,5.698035485213008,2.256758334191025,9.062226582657155,831,852,778,800,395,44.59746835443038
6,509.12936899543126,511.5907297646814,129.44557012506905,112.8012283053437,1.4046757158921945,10100434.0,201.0,33.0,36.15380815680772,39.08412905254525,155.31925075178907,54.39677106193454,248.06062897529605,214,815,169,830,279374,60.15380815680772
7,422.1577251184834,887.7724170616113,5.65101467943054,4.938587474797187,-1.4881222283406612,10550.0,48.0,14.0,17.40924092409241,7.715176518808164,6.651697090182843,2.6462837142006137,10.910907269000948,409,435,874,902,606,48.40924092409241
8,931.7912087912088,888.8681318681319,3.412382860761084,2.0667513675827545,-0.2640873956700801,819.0,15.0,6.0,6.022058823529412,3.826519928662906,3.431831258788849,1.2615662610100802,5.382025607773058,924,939,884,894,136,33.02205882352941
