ID,X,Y,A,B,theta,total_flux,mu_max,mu_median,mu_mean,R_fwhm,R_e,R10,R90,x_start,x_end,y_start,y_end,area,greylevel
0,510.5192493634274,511.7386028800141,306.44789063625893,283.60506048574024,-1.3106316469782486,4796782.0,88.0,4.0,6.645988394970045,7.091753098990329,202.59984314695848,77.08985390472193,356.567816802182,0,1023,0,1023,721756,6.645988394970045
1,308.00686641697877,169.292759051186,3.4775724409548836,2.7829085686893658,0.35237909528135275,3204.0,39.0,16.0,17.318918918918918,5.108953969950291,4.068428945128219,1.5957691216057308,6.3078313050504,300,316,163,176,185,41.31891891891892
2,167.91080766995933,200.57205113306216,3.8939009141186745,3.3184221174549347,0.08607525749944886,3442.0,30.0,12.0,13.28957528957529,6.023896332520351,4.686510657907603,1.8712051592547776,7.312732791431452,159,177,192,209,259,39.28957528957529
3,181.4254305606449,689.5170392085013,7.532869697431044,5.2683159804519315,-0.6244170505391966,8187.0,27.0,11.0,11.986822840409957,9.09728368293446,7.998767850296815,3.141274657157109,12.640868754332628,168,197,674,704,683,43.98682284040996
4,504.81166750952553,502.1249678376032,143.68408362527566,115.83115326214254,-0.9748761452383055,12946019.0,187.0,36.0,40.077700349510714,55.71211448310092,163.33264083171954,62.81029158793885,261.25023920686124,191,815,133,863,323023,64.07770034951072
5,284.38275636838665,832.0143696930111,2.6639027377626516,2.5499368249314953,-0.8073785368615287,1531.0,27.0,12.0,12.346774193548388,3.989422804014327,3.3377905890622728,1.2615662610100802,5.292567428401227,279,291,826,838,124,56.346774193548384
6,721.48257983234,858.5656345399041,5.204334934771503,4.945347887079867,0.22711123022203128,20637.0,111.0,24.0,33.942434210526315,6.90988298942671,6.358093703724522,2.5231325220201604,10.660048281673648,705,735,846,871,608,58.942434210526315
7,717.7359697586508,990.721181406555,8.286785240614687,8.19141381596737,-0.9325252934469258,96292.0,230.0,26.0,49.68627450980392,9.149617481968136,9.541311620975605,3.656366395715726,18.080493718666894,693,740,967,1017,1938,74.68627450980392
