ID,X,Y,A,B,theta,total_flux,mu_max,mu_median,mu_mean,R_fwhm,R_e,R10,R90,x_start,x_end,y_start,y_end,area,greylevel
0,492.3281634497617,538.8713731669735,297.0024139694553,276.769332292232,0.4265418645792051,4726541.0,159.0,4.0,5.72234315600862,11.562445770562215,214.67024426375048,72.62283734597008,388.34198137199735,0,1023,0,1023,825980,5.72234315600862
1,58.32042502951594,343.125147579693,3.5323138332390447,3.2058365940129234,-0.3248318981904002,4235.0,46.0,18.0,19.25,5.322553886092406,4.370193722368317,1.7841241161527712,6.840435166640879,50,67,336,353,220,42.25
2,932.4124977860182,686.8375219985002,25.03479928664791,15.059990956446821,-0.6423019773741364,265359.0,207.0,20.0,36.30578738541524,12.914889870235298,20.03468907863958,7.2909362219603215,37.1123547827036,852,977,634,755,7309,59.30578738541524
3,870.4750926307122,737.8065047344586,4.06162746801535,3.661131290091241,-0.36655574172949934,2429.0,20.0,8.0,8.644128113879004,6.128667601500942,4.918490759365935,1.9544100476116797,7.858251581595959,861,880,728,746,281,57.644128113879006
4,436.30402114364176,634.4415523672213,142.82593818261006,80.48963153668818,-0.22827541080535432,8733784.0,154.0,38.0,40.783488209199156,82.29048862823676,136.68067610356147,55.111822088965,214.1424652963107,67,818,424,866,214150,62.783488209199156
5,948.5265809217577,921.1193997856377,5.004338707859987,4.17836410981701,-0.11333435411591833,9330.0,56.0,17.0,20.505494505494507,6.886811529393324,5.863230142835039,2.326213245840639,9.440697438826296,936,962,910,931,455,45.505494505494504
6,839.1105919003115,992.1090342679128,3.4111034097764845,2.7503733479717356,0.3620726284638147,1284.0,17.0,7.0,7.093922651933702,4.853342309955121,3.949327084834294,1.5957691216057308,6.128667601500942,832,847,985,998,181,32.0939226519337
