ID,X,Y,A,B,theta,total_flux,mu_max,mu_median,mu_mean,R_fwhm,R_e,R10,R90,x_start,x_end,y_start,y_end,area,greylevel
0,494.7281332637933,386.7687476793534,289.95554647137527,220.05764531075064,0.11254629423122649,2782091.0,71.0,2.0,3.622830377129255,12.628271971179554,204.98025508877768,60.76507779746498,363.89484625581935,0,1023,0,905,767933,3.622830377129255
1,677.8818119599623,79.51313200444862,6.041058281911435,5.042369793617506,0.5342751849968039,23378.0,105.0,27.0,34.17836257309941,7.463526651802308,6.978639737521917,2.7057581899030048,11.521077316754745,663,694,67,95,684,62.17836257309941
2,69.39622641509433,137.26087403022976,10.103433528438329,8.982448804126978,-0.21415894373062283,107113.0,212.0,25.5,44.18853135313531,9.624353322664494,10.969099187147178,4.029119531035698,20.92070967971001,41,99,111,166,2424,72.18853135313532
3,911.4941833410888,296.64308980921356,3.3119527457924836,2.554932052521626,-1.4686717807382408,2149.0,28.0,12.0,13.265432098765432,4.918490759365935,3.7846987830302403,1.4927053303604616,5.890312181373172,906,918,289,304,162,42.26543209876543
4,724.5771324863883,548.399274047187,2.4944347990869127,2.1335606437025882,0.5359388633564103,551.0,11.0,5.0,5.455445544554456,3.826519928662906,2.9316150714175193,1.2615662610100802,4.583497844237541,719,730,544,554,101,34.45544554455446
5,511.2730438214608,512.5025907786907,41.13987900897343,30.292634544825972,-1.4515928415966322,1084423.0,152.0,38.0,43.721444986493566,36.454681109801605,45.65057310533218,17.823390990813817,72.73670750220128,427,593,412,618,24803,70.72144498649357
6,374.9646435845214,839.5125865580449,6.992346406480168,4.936987972459643,1.2168959067038352,12275.0,44.0,16.0,17.56080114449213,8.97398468933946,7.506054213402069,3.0382538898732494,12.008096370418468,362,388,823,857,699,77.56080114449213
7,589.4138790488514,901.7383088073577,287.55979256848747,70.92680360727148,-0.003293822511728879,7165736.0,86.0,28.0,28.461437025856934,68.56238326635255,173.83266124408155,70.51692734346257,256.879798651686,0,1023,776,1023,251770,50.46143702585693
