ID,X,Y,A,B,theta,total_flux,mu_max,mu_median,mu_mean,R_fwhm,R_e,R10,R90,x_start,x_end,y_start,y_end,area,greylevel
0,562.9340554836203,536.9100062099556,316.081687381787,293.0612747470548,-1.117071537131173,10975924.0,94.0,13.0,15.542033590622607,12.577758680835945,231.47386075248093,90.82400949337645,384.29967199139446,0,1023,0,1023,706209,15.542033590622607
1,145.9033515198753,194.16367887763056,3.545488887403216,3.145931380391447,-0.17409822104409184,5132.0,52.0,22.0,23.541284403669724,5.4115163798060095,4.3336224206596095,1.7841241161527712,6.817128675830715,138,154,186,202,218,66.54128440366972
2,588.2278959891643,403.7496717312961,197.58324355247717,82.43713551943137,-1.3260547924007906,14108107.0,177.0,32.0,41.55236123301308,113.67545090967164,156.46270075204177,59.72686911651859,265.48881902508685,335,844,0,883,339526,82.55236123301309
3,812.6358719485455,391.38079228183017,3.668583832407457,3.3246881508924875,-0.21040925748106998,6841.0,67.0,24.0,27.146825396825395,5.352372348458314,4.478115991081385,1.7841241161527712,7.203090409536582,804,821,383,399,252,101.14682539682539
4,890.1859386152748,511.9361170592434,4.867458088184375,2.935804445007871,0.9198824275114976,2802.0,23.0,10.0,10.573584905660377,5.997417539138688,4.886025119029199,1.9544100476116797,7.611333607551958,881,899,502,522,265,53.573584905660375
5,967.2219491377272,897.6297522700863,9.184659547492435,8.547544647719697,0.0872057185162555,97243.0,211.0,26.0,46.174264007597344,8.938444016277748,10.171072362820547,3.8678889139475245,19.388759000592504,942,996,874,921,2106,89.17426400759734
