ID,X,Y,A,B,theta,total_flux,mu_max,mu_median,mu_mean,R_fwhm,R_e,R10,R90,x_start,x_end,y_start,y_end,area,greylevel
0,500.9908163513525,490.30586585187,331.54920118784906,306.53798286067104,-0.5773201926588121,22692288.0,110.0,33.0,36.214025814853116,234.2888529846223,240.71861164185756,101.68255368066781,374.8733053066187,0,1023,0,1023,626616,36.214025814853116
1,507.38171374775857,522.6907429779417,212.2223623424168,105.829434517727,-0.22920791779574326,11370028.0,140.0,25.0,27.136428835666297,57.718552206370816,190.86459397748476,66.78441528685622,303.4983387505121,0,1023,196,809,418995,96.1364288356663
2,536.6786678259555,979.1589838581635,12.380098788754294,10.497434601704803,-0.2490907017354001,132265.0,180.0,31.0,44.60876897133221,10.674967880691588,13.446189622059965,4.918490759365935,24.312578198194025,504,572,949,1007,2965,114.60876897133221
