ID,X,Y,A,B,theta,total_flux,mu_max,mu_median,mu_mean,R_fwhm,R_e,R10,R90,x_start,x_end,y_start,y_end,area,greylevel
0,592.9980681173934,544.0969198939043,295.6081566107522,278.21903023247097,1.505369798024649,5639059.0,142.0,6.0,8.876857131163282,8.63044108762739,196.15955822095785,75.50028769335468,341.1238778242692,0,1023,0,1023,635254,8.876857131163282
1,509.81823708206684,506.96200607902733,8.407231720840551,4.5693332470429056,0.827642054656486,3290.0,15.0,4.0,5.375816993464053,7.1809610472257885,6.817128675830715,2.7057581899030048,11.340070282773887,492,525,486,522,612,113.37581699346406
2,867.7842796446505,595.9445731942835,10.396006827054594,5.651468576145275,-0.5278003734048519,15534.0,37.0,15.0,15.410714285714286,10.954580187815921,9.574614729634384,3.826519928662906,14.959005648344574,847,890,580,613,1008,63.410714285714285
3,718.7108233117484,676.2880666049954,6.581185219328377,4.956240389862592,0.7661963153546616,5405.0,20.0,9.0,9.1921768707483,9.423823971471327,7.463526651802308,3.0901936161855166,11.410028196686037,705,732,662,689,588,100.1921768707483
4,320.19018759950666,370.7892463177626,258.1012509656648,92.01587980781858,0.6254732191663828,16320512.0,210.0,36.0,40.18682346915659,32.01496265048276,184.2888808807133,71.37834432275488,295.78388873869926,0,922,0,810,406116,69.1868234691566
5,794.2505617977528,889.5898876404494,3.2840533610666895,2.4240781735149235,-0.91670494837152,890.0,13.0,6.0,6.3120567375886525,4.478115991081385,3.6125759969217834,1.4927053303604616,5.613615477764332,787,800,883,896,141,36.312056737588655
6,458.4074643831464,918.6266520157624,15.353963940117866,12.778134367451905,-0.27341985200221486,131960.0,128.0,22.0,29.80799638581432,12.322086499845234,17.000746355818674,5.970821321441846,30.00830998263554,417,502,877,954,4427,58.80799638581432
7,749.2253674014696,973.9014696058784,4.8706265187807105,4.207718154031126,0.12052823705484532,11976.0,69.0,24.0,27.851162790697675,7.001408606295148,5.808687281605183,2.326213245840639,9.356025796273888,737,761,963,984,430,57.85116279069767
