ID,X,Y,A,B,theta,total_flux,mu_max,mu_median,mu_mean,R_fwhm,R_e,R10,R90,x_start,x_end,y_start,y_end,area,greylevel
0,516.3954345689988,498.05371983256333,325.469322571016,248.66513160088107,0.8195697059315689,11354503.0,79.0,10.0,17.30943241479819,178.81249888437773,197.98633600324314,81.20999034504288,330.0489775165241,0,1023,0,1023,655972,17.30943241479819
1,304.73317722455016,446.95495439980283,21.6161945623799,5.287038214406974,0.6103361763172668,16228.0,24.0,9.0,9.321079839172889,14.38406847937898,12.476118560829471,4.918490759365935,19.413369239820483,264,344,418,474,1741,123.3210798391729
2,72.43012524719842,478.99835201054714,3.6406084944239483,3.149428941150343,0.19838435841888477,3034.0,31.0,14.0,14.111627906976745,5.440847306724618,4.442433223290478,1.7841241161527712,6.840435166640879,64,81,472,487,215,104.11162790697675
3,508.35204599256,511.45789651673994,5.402446187881374,3.8307210058272623,-1.2268187916451287,2957.0,21.0,6.0,8.013550135501355,5.944106103225343,5.382025607773058,2.111004122822376,8.902761462589227,498,518,496,522,369,144.01355013550136
4,186.1503350083752,552.5936627582356,10.30928308332855,4.050178728170994,0.6634236563381324,7164.0,29.0,8.0,10.322766570605188,7.673807981960539,7.420755373261929,2.9316150714175193,12.27031279816994,170,209,539,576,694,111.32276657060518
5,693.9006633101575,556.9012626868057,5.8181692362995365,5.186132716472145,-0.22330841516720676,25026.0,105.0,30.0,37.52023988005997,7.878478774854901,6.955796338302048,2.763953195770684,11.423968370726268,679,709,544,570,667,172.52023988005996
6,553.3574604012416,576.138477111275,302.3439625736754,75.43523359454261,0.5464515668936472,12208653.0,97.0,29.0,31.39132927763693,154.53646016660625,184.50983428296928,71.47415871042944,292.6708653802075,0,1023,85,1023,388918,85.39132927763693
