ID,X,Y,A,B,theta,total_flux,mu_max,mu_median,mu_mean,R_fwhm,R_e,R10,R90,x_start,x_end,y_start,y_end,area,greylevel
0,517.1799628727897,520.7062629919861,314.5434726919533,278.5544337190374,1.4428816678871317,12709277.0,135.0,12.0,16.88092493073247,20.318659463172676,227.8662479266864,89.25079776533856,389.0662985720915,0,1023,0,1023,752878,16.88092493073247
1,924.6960526315789,543.740350877193,6.208829691594131,3.5370000046956203,-0.12251265392306099,2280.0,14.0,6.0,5.861182519280206,7.203090409536582,5.890312181373172,2.326213245840639,9.218933756735217,907,937,536,553,389,53.861182519280206
2,29.07967702761581,696.349373800673,20.890167987596286,8.876919940310026,0.9095090188038494,107873.0,114.0,25.0,31.72735294117647,12.678584010953838,15.767054928221077,5.753627391751592,26.50490367474717,0,71,660,741,3400,79.72735294117648
3,180.9080338960783,728.622347763253,5.68397175049357,4.864433752299448,0.49298070620348494,15223.0,58.0,28.5,29.051526717557252,9.13220620552083,6.90988298942671,2.9316150714175193,10.61516366850092,168,195,717,740,524,76.05152671755725
4,502.3512392777486,514.5978363206431,149.50095944155055,97.51467589869554,-1.5643771809193143,13229964.0,170.0,38.0,45.63205220624502,104.32474120934195,154.57044266957752,58.89231290973876,250.3044112231807,238,772,140,910,289927,91.63205220624502
5,880.9102263123298,878.6959338905061,5.380557037599128,4.550391514697695,0.2805899117419175,10649.0,53.0,17.0,20.557915057915057,7.399277020331919,6.3078313050504,2.5854414729132054,10.217907939900583,867,895,868,891,518,72.55791505791505
6,992.483154387264,930.0243119832161,6.8557450803888695,6.176083522314905,-0.047005289329139874,56721.0,160.0,46.5,60.34148936170213,9.965574970333758,8.253382073025046,3.385137501286538,13.446189622059965,976,1011,912,947,940,107.34148936170213
