ID,X,Y,A,B,theta,total_flux,mu_max,mu_median,mu_mean,R_fwhm,R_e,R10,R90,x_start,x_end,y_start,y_end,area,greylevel
0,504.2173640292777,496.90217736711685,298.3593361735883,275.6845069610495,-0.4728682330313344,3769966.0,31.0,3.0,3.9481582251769094,75.1283628319623,239.26694224218923,83.57626542516184,411.3448952138461,0,1023,0,1023,954867,3.9481582251769094
1,301.79309482111586,297.0990743057293,3.7916191361297567,3.5620340637448824,1.1012491633558241,3997.0,34.0,14.0,14.803703703703704,6.102643417692329,4.753945931439391,1.9544100476116797,7.506054213402069,293,311,289,306,270,34.803703703703704
2,711.9655946148092,323.0659436549489,8.795742830577682,4.150074453690805,0.6175241660694559,8022.0,29.0,10.0,11.330508474576272,8.444016491289505,7.611333607551958,3.0382538898732494,12.296226898414837,686,728,308,340,708,32.33050847457627
3,188.7326164874552,374.8379928315412,3.172653519905229,2.8082008017258295,1.1540169809570175,1395.0,18.0,9.0,8.942307692307692,5.108953969950291,3.8678889139475245,1.4927053303604616,5.970821321441846,182,195,368,381,156,25.942307692307693
4,721.3440026954178,390.17149595687334,5.982294869407295,4.054511370139075,0.6644705189856199,2968.0,17.0,9.0,8.043360433604336,7.715176518808164,6.3078313050504,2.4592453796829674,9.423823971471327,710,733,379,402,369,26.043360433604335
5,507.1831077671345,520.8782555263382,133.34065889779365,29.82754032577796,0.005235885825271141,3459886.0,139.0,30.0,38.98287401131217,77.01549466924662,78.96034283538737,31.265470738026977,130.76546595257187,150,867,424,642,88754,55.98287401131217
6,60.76299475441106,731.4194881576856,6.372936871243703,4.2218874202433225,-0.08925318999766982,6291.0,30.0,12.0,12.812627291242363,7.978845608028654,6.530966601401967,2.5854414729132054,10.37249929043725,47,75,719,741,491,29.81262729124236
7,369.90473738414005,783.9299691040164,5.655936518837827,3.576874908408427,0.21715730482622056,1942.0,14.0,5.0,5.957055214723926,6.023896332520351,5.4700209598571305,2.111004122822376,8.812923024107548,357,383,776,793,326,22.957055214723926
8,405.51526802826675,976.4275635824897,10.904351561160395,10.171185110369436,1.3400680401335556,85047.0,120.0,21.0,32.27590132827324,12.501606061472312,12.728697186576065,4.918490759365935,22.34076770248023,372,436,944,1004,2635,49.27590132827324
